treehole.id,Date.of.Sampling,num.checked,num.infected,num.melanized,th.infected,th.melanized,lat,long,survey.year,mean_temp_Nov_Apr,mean_precip_Nov_Apr,temp22,temp23,precip22,precip23
DUB.01,11/12/21,4,0,0,0,0,37.7055628,-121.9493087,2022,10.95616344,566.0504209,10.83236313,9.254511833,364.9182909,993.4555797
DUB.02,11/12/21,50,0,0,0,0,37.7062445,-121.9504971,2022,10.95616344,566.0504209,10.83236313,9.254511833,364.9182909,993.4555797
DUB.03,11/12/21,4,0,0,0,0,37.7063164,-121.9510112,2022,10.95616344,566.0504209,10.83236313,9.254511833,364.9182909,993.4555797
DUB.04,11/12/21,12,0,2,0,1,37.706854,-121.9517777,2022,10.95616344,566.0504209,10.83236313,9.254511833,364.9182909,993.4555797
DUB.05,11/12/21,8,0,0,0,0,37.7072063,-121.9527225,2022,10.95616344,566.0504209,10.83236313,9.254511833,364.9182909,993.4555797
DUB.06,11/12/21,23,0,0,0,0,37.7077469,-121.9540069,2022,10.95616344,566.0504209,10.83236313,9.254511833,364.9182909,993.4555797
DUB.07,11/12/21,50,1,0,1,0,37.7079209,-121.954637,2022,10.95616344,566.0504209,10.83236313,9.254511833,364.9182909,993.4555797
DUB.08,11/12/21,22,1,5,1,1,37.7079774,-121.954722,2022,10.95616344,566.0504209,10.83236313,9.254511833,364.9182909,993.4555797
DUB.09,11/12/21,11,0,0,0,0,37.7085278,-121.9568216,2022,10.95616344,566.0504209,10.83236313,9.254511833,364.9182909,993.4555797
DUB.10,11/12/21,2,0,0,0,0,37.7086776,-121.9564658,2022,10.95616344,566.0504209,10.83236313,9.254511833,364.9182909,993.4555797
DUB.11,11/12/21,23,0,0,0,0,37.70695,-121.9511051,2022,10.95616344,566.0504209,10.83236313,9.254511833,364.9182909,993.4555797
GP.03,12/26/21,50,0,0,0,0,34.1197705,-118.2980122,2022,15.05638444,392.8003596,15.8737793,13.24561501,293.900689,839.1393851
MC.01,12/31/21,2,0,0,0,0,34.0982859,-118.721251,2022,14.77002274,451.3595569,13.69270802,11.39850426,389.2697878,886.9332779
MC.02,12/31/21,20,0,5,0,1,34.1006575,-118.7263275,2022,14.55465835,401.8617602,13.59385586,11.11774445,375.3668885,790.9453774
MC.03,12/31/21,50,0,0,0,0,34.0995636,-118.7282372,2022,14.77002274,451.3595569,13.69270802,11.39850426,389.2697878,886.9332779
MC.04,12/31/21,25,0,0,0,0,34.0998268,-118.7295713,2022,14.77002274,451.3595569,13.69270802,11.39850426,389.2697878,886.9332779
MC.06,12/31/21,1,0,0,0,0,34.0846102,-118.7055494,2022,14.77002274,451.3595569,13.69270802,11.39850426,389.2697878,886.9332779
MC.07,12/31/21,43,0,0,0,0,34.0847952,-118.7055316,2022,14.77002274,451.3595569,13.69270802,11.39850426,389.2697878,886.9332779
MC.08,12/31/21,9,0,0,0,0,34.0853627,-118.706049,2022,14.77002274,451.3595569,13.69270802,11.39850426,389.2697878,886.9332779
MC.09,12/31/21,1,0,0,0,0,34.0849629,-118.7047363,2022,14.77002274,451.3595569,13.69270802,11.39850426,389.2697878,886.9332779
MC.11,12/31/21,1,0,0,0,0,34.0836622,-118.7084921,2022,14.77002274,451.3595569,13.69270802,11.39850426,389.2697878,886.9332779
MC.13,12/31/21,50,0,0,0,0,34.0854566,-118.709334,2022,14.77002274,451.3595569,13.69270802,11.39850426,389.2697878,886.9332779
JR.01,1/17/22,50,0,0,0,0,37.40736,-122.23756,2022,11.87988024,648.4823931,12.28750801,10.43405914,353.0751864,1157.49127
JR.03,1/17/22,18,0,0,0,0,37.4081,-122.23649,2022,11.87988024,648.4823931,12.28750801,10.43405914,353.0751864,1157.49127
JR.04,1/17/22,50,5,0,1,0,37.408673,-122.233841,2022,11.87988024,648.4823931,12.28750801,10.43405914,353.0751864,1157.49127
JR.05,1/17/22,4,3,0,1,0,37.40912,-122.23321,2022,11.87988024,648.4823931,12.28750801,10.43405914,353.0751864,1157.49127
JR.06,1/17/22,21,0,14,0,1,37.40923737,-122.2328484,2022,11.87988024,648.4823931,12.28750801,10.43405914,353.0751864,1157.49127
JR.10,1/17/22,14,0,0,0,0,37.41129,-122.23656,2022,11.87988024,648.4823931,12.28750801,10.43405914,353.0751864,1157.49127
JR.20,1/17/22,50,0,0,0,0,37.401902,-122.24073,2022,11.87988024,648.4823931,12.28750801,10.43405914,353.0751864,1157.49127
JR.22,1/17/22,2,0,0,0,0,37.4061324,-122.2422428,2022,11.87988024,648.4823931,12.28750801,10.43405914,353.0751864,1157.49127
JR.A,1/17/22,50,6,1,1,1,37.40805,-122.23703,2022,11.87988024,648.4823931,12.28750801,10.43405914,353.0751864,1157.49127
JR.K,1/17/22,25,0,0,0,0,37.4086923,-122.2338763,2022,11.87988024,648.4823931,12.28750801,10.43405914,353.0751864,1157.49127
JUL.01,1/21/22,19,0,0,0,0,33.04398,-116.58517,2022,8.478483756,581.2200466,9.893279076,6.562371254,424.0467894,1100.789673
JUL.03,1/21/22,18,0,0,0,0,33.043392,-116.586083,2022,8.478483756,581.2200466,9.893279076,6.562371254,424.0467894,1100.789673
JUL.05,1/21/22,50,0,0,0,0,33.04419,-116.5881,2022,8.478483756,581.2200466,9.893279076,6.562371254,424.0467894,1100.789673
RAM.02,1/21/22,47,0,0,0,0,33.00003306,-116.76895,2022,12.47687311,375.4442599,14.67646027,11.43701363,243.0579953,681.3459812
BVP.01,1/22/22,6,0,1,0,1,33.15561,-117.24724,2022,14.36168791,286.5322603,14.4987011,12.59835815,172.5748962,601.8007887
BVP.02,1/22/22,1,0,0,0,0,33.15352,-117.24741,2022,14.36168791,286.5322603,14.4987011,12.59835815,172.5748962,601.8007887
BVP.03,1/22/22,50,0,0,0,0,33.15352,-117.24741,2022,14.36168791,286.5322603,14.4987011,12.59835815,172.5748962,601.8007887
BVP.04,1/22/22,18,0,0,0,0,33.15343,-117.2468,2022,14.36168791,286.5322603,14.4987011,12.59835815,172.5748962,601.8007887
BVP.05,1/22/22,23,0,0,0,0,33.15303,-117.244,2022,14.36168791,286.5322603,14.4987011,12.59835815,172.5748962,601.8007887
BVP.06,1/22/22,50,0,0,0,0,33.1540924,-117.2405369,2022,14.36168791,286.5322603,14.4987011,12.59835815,172.5748962,601.8007887
BVP.07,1/22/22,50,0,0,0,0,33.15008,-117.24883,2022,14.36168791,286.5322603,14.4987011,12.59835815,172.5748962,601.8007887
ONP.01,1/23/22,50,0,3,0,1,33.64717,-117.60046,2022,15.05244033,357.0721368,15.07846451,12.31373119,241.9386917,727.2602751
ONP.02,1/23/22,45,0,0,0,0,33.64723,-117.60156,2022,15.05244033,357.0721368,15.07846451,12.31373119,241.9386917,727.2602751
WHIT.01,1/23/22,50,0,0,0,0,33.67806,-117.64726,2022,14.83316043,323.3332965,15.1320467,12.53150177,201.2592982,616.7169828
WHIT.02,1/23/22,50,0,2,0,1,33.69254,-117.6541698,2022,14.83316043,323.3332965,15.1320467,12.53150177,201.2592982,616.7169828
EMO.01,1/24/22,50,0,2,0,1,33.46648,-117.04293,2022,13.40394468,351.7380423,13.93069935,11.01798916,217.3499922,650.1996836
EMO.02,1/24/22,27,0,0,0,0,33.46613,-117.04247,2022,13.40394468,351.7380423,13.93069935,11.01798916,217.3499922,650.1996836
EMO.03,1/24/22,12,0,0,0,0,33.46598,-117.0425,2022,13.40394468,351.7380423,13.93069935,11.01798916,217.3499922,650.1996836
EMO.07,1/24/22,7,0,3,0,1,33.46708,-117.03808,2022,13.40394468,351.7380423,13.93069935,11.01798916,217.3499922,650.1996836
EMO.09,1/24/22,50,0,2,0,1,33.3854298,-116.7931689,2022,10.66548669,376.5228257,11.86484432,8.065371513,260.9561907,794.6001729
MON.01,1/25/22,48,0,0,0,0,33.7771634,-117.5112482,2022,14.29779991,261.7328538,14.92057037,12.23479652,163.5469937,480.1044888
MON.02,1/25/22,50,0,3,0,1,33.7774114,-117.5126148,2022,14.29779991,261.7328538,14.92057037,12.23479652,163.5469937,480.1044888
MON.03,1/25/22,18,0,0,0,0,33.774259,-117.5124133,2022,14.29779991,261.7328538,14.92057037,12.23479652,163.5469937,480.1044888
MUR.01,1/25/22,50,0,0,0,0,33.576461,-117.246872,2022,13.51491305,330.7231001,14.08936119,11.24749279,186.1843934,565.0537863
MUR.02,1/25/22,50,0,0,0,0,33.5630213,-117.24896,2022,13.51491305,330.7231001,14.08936119,11.24749279,186.1843934,565.0537863
MUR.03,1/25/22,6,0,0,0,0,33.5628025,-117.2498029,2022,13.51491305,330.7231001,14.08936119,11.24749279,186.1843934,565.0537863
RivCo.01,1/25/22,49,0,0,0,0,33.9635779,-117.5035923,2022,14.34394601,231.4109564,15.71338272,12.87210369,158.3031967,393.4165888
RivCo.02,1/25/22,50,0,0,0,0,33.9628307,-117.5031992,2022,14.34394601,231.4109564,15.71338272,12.87210369,158.3031967,393.4165888
CAS.01,1/26/22,50,0,15,0,1,33.53726,-117.5528098,2022,15.06077636,363.11421,15.07617092,12.60068321,188.9358989,639.6102864
CAS.02,1/26/22,50,0,0,0,0,33.5439703,-117.5593882,2022,15.06077636,363.11421,15.07617092,12.60068321,188.9358989,639.6102864
CAS.03,1/26/22,2,0,1,0,1,33.544281,-117.560119,2022,15.06077636,363.11421,15.07617092,12.60068321,188.9358989,639.6102864
CAS.04,1/26/22,50,0,2,0,1,33.5445443,-117.559361,2022,15.06077636,363.11421,15.07617092,12.60068321,188.9358989,639.6102864
POW.01,1/26/22,24,0,0,0,0,33.9639411,-117.923971,2022,15.23451767,380.9339134,15.43732643,12.9188261,231.0459948,692.6884774
POW.02,1/26/22,50,0,1,0,1,33.9638888,-117.9243188,2022,15.23451767,380.9339134,15.43732643,12.9188261,231.0459948,692.6884774
CLA.01,1/27/22,20,0,0,0,0,34.16374,-117.68245,2022,12.2343379,587.4260022,13.94651413,10.37346172,429.4020884,1232.513871
CLA.02,1/27/22,50,0,3,0,1,34.16392,-117.68212,2022,12.2343379,587.4260022,13.94651413,10.37346172,429.4020884,1232.513871
CLA.05A,1/27/22,50,0,4,0,1,34.16508,-117.68199,2022,12.2343379,587.4260022,13.94651413,10.37346172,429.4020884,1232.513871
CLA.06,1/27/22,50,0,0,0,0,34.133574,-117.768562,2022,13.9051781,424.3553288,14.48959351,11.66078091,302.685697,832.4786814
CLA.08,1/27/22,5,0,0,0,0,34.1603336,-117.8254398,2022,13.64146036,530.8222633,14.77719498,11.58180904,407.1304838,1125.958173
CLA.09,1/27/22,50,0,6,0,1,34.1626058,-117.8207748,2022,13.64146036,530.8222633,14.77719498,11.58180904,407.1304838,1125.958173
CLA.10,1/27/22,12,0,0,0,0,34.1630136,-117.8195893,2022,13.64146036,530.8222633,14.77719498,11.58180904,407.1304838,1125.958173
CLA.11,1/27/22,26,0,0,0,0,34.0916491,-117.8286799,2022,14.31127094,381.2364697,15.32197094,12.72385788,281.3928888,724.4138843
DEX.01,1/28/22,50,0,3,0,1,34.2953176,-118.3751737,2022,14.06796449,383.1683597,15.2983017,12.24719238,291.5587924,796.5762839
DEX.02,1/28/22,50,0,0,0,0,34.2940227,-118.3753835,2022,14.06796449,383.1683597,15.2983017,12.24719238,291.5587924,796.5762839
DEX.03,1/28/22,50,0,0,0,0,34.294626,-118.3751737,2022,14.06796449,383.1683597,15.2983017,12.24719238,291.5587924,796.5762839
DEX.04,1/28/22,10,0,0,0,0,34.2948346,-118.3749812,2022,14.06796449,383.1683597,15.2983017,12.24719238,291.5587924,796.5762839
GP.11,1/28/22,50,0,0,0,0,34.1464185,-118.2964156,2022,14.73744055,394.646146,15.87420464,12.88099957,287.5546938,835.4321771
GP.12,1/28/22,36,0,3,0,1,34.1450402,-118.2941373,2022,14.73744055,394.646146,15.87420464,12.88099957,287.5546938,835.4321771
GP.13,1/28/22,50,0,1,0,1,34.1350609,-118.2901713,2022,15.05638444,392.8003596,15.8737793,13.24561501,293.900689,839.1393851
GP.14,1/28/22,18,0,0,0,0,34.1356778,-118.2873072,2022,15.05638444,392.8003596,15.8737793,13.24561501,293.900689,839.1393851
HAH.01,1/28/22,37,0,2,0,1,34.1940203,-118.1758178,2022,14.05670808,515.0412628,14.85011196,11.9287653,410.9112872,1046.411787
HAH.02,1/28/22,38,0,0,0,0,34.1429877,-118.1661176,2022,14.85595112,418.3210026,15.7368288,13.18507862,338.3369896,874.4480786
TOP.01,1/29/22,28,1,2,1,1,34.0949223,-118.6009667,2022,15.33473202,478.8912865,14.09299564,11.41789341,412.0248892,907.5069787
TOP.02,1/29/22,4,0,0,0,0,34.0948338,-118.6013925,2022,15.33473202,478.8912865,14.09299564,11.41789341,412.0248892,907.5069787
TOP.03,1/29/22,13,0,1,0,1,34.0944898,-118.5912165,2022,15.33473202,478.8912865,14.09299564,11.41789341,412.0248892,907.5069787
TOP.04,1/29/22,50,0,0,0,0,34.0922797,-118.5924168,2022,15.33473202,478.8912865,14.09299564,11.41789341,412.0248892,907.5069787
TOP.05,1/29/22,1,1,NA,1,NA,34.0925445,-118.5923511,2022,15.33473202,478.8912865,14.09299564,11.41789341,412.0248892,907.5069787
TOP.06,1/29/22,5,0,0,0,0,34.0924518,-118.5915451,2022,15.33473202,478.8912865,14.09299564,11.41789341,412.0248892,907.5069787
TOP.07,1/29/22,23,0,3,0,1,34.0943046,-118.5885541,2022,15.33473202,478.8912865,14.09299564,11.41789341,412.0248892,907.5069787
TOP.08,1/29/22,30,0,0,0,0,34.0944204,-118.6030538,2022,15.33473202,478.8912865,14.09299564,11.41789341,412.0248892,907.5069787
CLA.12,1/30/22,50,0,0,0,0,34.1252685,-117.856905,2022,14.90826317,417.291903,15.68529987,13.06246281,313.8576864,818.3792726
CLA.13,1/30/22,23,0,0,0,0,34.1235949,-117.8587317,2022,14.90826317,417.291903,15.68529987,13.06246281,313.8576864,818.3792726
POW.03,1/30/22,26,0,2,0,1,33.962844,-117.9248998,2022,15.23451767,380.9339134,15.43732643,12.9188261,231.0459948,692.6884774
THO.02,2/16/22,50,2,14,1,1,34.1679055,-118.8608885,2022,14.11036568,384.3386937,14.54051304,11.88816929,332.4163884,807.3192808
THO.03,2/16/22,26,0,0,0,0,34.170756,-118.874606,2022,14.11036568,384.3386937,14.54051304,11.88816929,332.4163884,807.3192808
THO.04,2/16/22,42,0,3,0,1,34.174024,-118.8837463,2022,14.11036568,384.3386937,14.54051304,11.88816929,332.4163884,807.3192808
THO.06,2/16/22,50,0,0,0,0,34.2124277,-118.8156963,2022,14.11586227,359.6603662,14.84404564,12.32769394,293.0384932,704.4902829
THO.10,2/16/22,50,0,0,0,0,34.2122663,-118.8154938,2022,14.11586227,359.6603662,14.84404564,12.32769394,293.0384932,704.4902829
THO.11A,2/16/22,18,0,0,0,0,34.212267,-118.811225,2022,14.11586227,359.6603662,14.84404564,12.32769394,293.0384932,704.4902829
THO.12,2/16/22,42,0,0,0,0,34.2120628,-118.8104482,2022,14.14498978,388.0205266,15.06954765,11.95464897,310.6495922,726.3699795
THO.13,2/16/22,1,0,0,0,0,34.2099575,-118.826509,2022,14.11586227,359.6603662,14.84404564,12.32769394,293.0384932,704.4902829
SB.01,2/17/22,50,1,6,1,1,34.43405,-119.55627,2022,14.0152167,481.3565694,14.50241852,12.48636436,347.5091909,1045.110275
SB.02,2/17/22,18,0,0,0,0,34.443114,-119.710856,2022,13.8041852,542.3970486,15.22310257,12.54695702,327.6460889,1117.932966
SB.04,2/17/22,50,0,0,0,0,34.54276,-119.81219,2022,12.35605367,599.7257236,14.38891125,11.84993935,357.7449924,1176.020563
SB.05,2/17/22,2,2,3,1,1,34.540996,-119.8028575,2022,12.57112598,562.5940701,14.53154182,11.88404274,375.2912853,1189.914261
SB.06,2/17/22,50,1,4,1,1,34.5401111,-119.8030232,2022,12.57112598,562.5940701,14.53154182,11.88404274,375.2912853,1189.914261
SB.07,2/17/22,50,1,12,1,1,34.5398686,-119.8020549,2022,12.57112598,562.5940701,14.53154182,11.88404274,375.2912853,1189.914261
SB.08,2/17/22,50,0,2,0,1,34.5396648,-119.8009511,2022,12.57112598,562.5940701,14.53154182,11.88404274,375.2912853,1189.914261
SB.09,2/17/22,27,2,2,1,1,34.5398477,-119.801611,2022,12.57112598,562.5940701,14.53154182,11.88404274,375.2912853,1189.914261
SB.10,2/17/22,50,0,3,0,1,34.5433575,-119.8212384,2022,12.35605367,599.7257236,14.38891125,11.84993935,357.7449924,1176.020563
OJA.01,2/18/22,9,0,0,0,0,34.418905,-119.341078,2022,12.78008521,497.7073263,14.16027164,11.63683414,340.2793894,1135.511875
OJA.02,2/18/22,2,0,0,0,0,34.515216,-119.271683,2022,12.05681896,696.4892523,13.45131874,10.83473301,415.9745827,1337.063271
OJA.03,2/18/22,37,0,3,0,1,34.5171919,-119.2722737,2022,12.05681896,696.4892523,13.45131874,10.83473301,415.9745827,1337.063271
OJA.04,2/18/22,1,0,0,0,0,34.4184212,-119.160849,2022,12.01916402,553.1574768,13.40496922,10.78944206,355.6378902,1213.493584
OJA.05,2/18/22,50,0,0,0,0,34.416122,-119.163033,2022,12.01916402,553.1574768,13.40496922,10.78944206,355.6378902,1213.493584
OJA.06,2/18/22,50,0,3,0,1,34.3568066,-119.3166344,2022,13.19928096,474.8725039,13.86103821,11.55577278,329.9185886,1086.249479
OJA.07,2/18/22,19,1,9,1,1,34.3567726,-119.3155263,2022,13.19928096,474.8725039,13.86103821,11.55577278,329.9185886,1086.249479
OJA.08,2/18/22,15,0,0,0,0,34.35692,-119.31592,2022,13.19928096,474.8725039,13.86103821,11.55577278,329.9185886,1086.249479
SAM.01,2/19/22,13,0,6,0,1,34.9121193,-120.2256558,2022,12.25391871,421.4936437,13.81948662,10.97689915,241.5002958,870.2911784
SAM.02,2/19/22,50,0,5,0,1,34.9423529,-120.2001483,2022,12.01917273,426.2479907,13.62760544,10.78152657,239.1532965,897.8235739
SAM.03,2/19/22,3,0,0,0,0,34.933169,-120.222528,2022,12.25391871,421.4936437,13.81948662,10.97689915,241.5002958,870.2911784
SAM.04,2/19/22,50,0,0,0,0,34.9364478,-120.2250211,2022,12.01917273,426.2479907,13.62760544,10.78152657,239.1532965,897.8235739
SAM.05,2/19/22,50,0,0,0,NA,34.940076,-120.227258,2022,12.01917273,426.2479907,13.62760544,10.78152657,239.1532965,897.8235739
SAM.06,2/19/22,50,0,7,0,1,34.5308134,-120.1763149,2022,13.10171232,575.9513331,14.24037838,11.69160938,391.4792934,1236.511065
SAM.07,2/19/22,36,0,4,0,1,34.530313,-120.176086,2022,13.10171232,575.9513331,14.24037838,11.69160938,391.4792934,1236.511065
SAM.08,2/19/22,26,0,1,0,1,34.533217,-120.176926,2022,13.10171232,575.9513331,14.24037838,11.69160938,391.4792934,1236.511065
SLO.01,2/20/22,19,13,15,1,1,35.2642605,-120.7178764,2022,12.10662953,467.5825761,12.9580183,10.85208321,273.9731906,1023.928468
SLO.02,2/20/22,7,0,0,0,0,35.2885138,-120.6772486,2022,12.8128713,487.1943299,13.29267788,11.219347,301.0294935,1067.437082
SLO.03,2/20/22,14,0,7,0,1,35.290325,-120.628593,2022,12.46767947,552.2356699,12.72019482,10.67814445,343.6039852,1247.950372
SLO.04,2/20/22,50,0,15,0,1,35.196974,-120.46156,2022,12.49770625,462.4693006,13.30401611,11.2996254,262.0695933,1063.375663
SLO.05,2/20/22,50,0,14,0,1,35.196974,-120.46156,2022,12.49770625,462.4693006,13.30401611,11.2996254,262.0695933,1063.375663
SLO.06,2/20/22,7,0,2,0,1,35.227522,-120.458835,2022,12.49770625,462.4693006,13.30401611,11.2996254,262.0695933,1063.375663
SLO.07,2/20/22,50,0,3,0,1,35.1914968,-120.4568056,2022,12.49770625,462.4693006,13.30401611,11.2996254,262.0695933,1063.375663
SLO.08,2/20/22,29,0,0,0,0,35.2173181,-120.4556371,2022,12.49770625,462.4693006,13.30401611,11.2996254,262.0695933,1063.375663
SLO.09,2/20/22,1,0,0,0,0,35.2354229,-120.4634407,2022,11.68694709,565.338223,12.08950043,9.791924477,333.9266869,1269.082668
SLO.10,2/20/22,24,0,0,0,0,35.2275217,-120.4588347,2022,12.49770625,462.4693006,13.30401611,11.2996254,262.0695933,1063.375663
BIG.01,2/21/22,21,0,2,0,1,35.99815443,-121.3858275,2022,10.5394453,757.0198329,11.55118275,9.12544632,414.1177918,1265.90857
BIG.02,2/21/22,50,0,2,0,1,36.01347,-121.4125286,2022,10.33201857,951.6979797,11.94717216,8.834261894,632.1906845,1842.726451
BIG.03,2/21/22,32,0,3,0,1,35.997703,-121.386195,2022,10.5394453,757.0198329,11.55118275,9.12544632,414.1177918,1265.90857
BIG.04,2/21/22,33,0,5,0,1,35.9863073,-121.3664429,2022,10.5394453,757.0198329,11.55118275,9.12544632,414.1177918,1265.90857
BIG.05,2/21/22,50,0,0,0,0,35.9906869,-121.3637657,2022,10.5394453,757.0198329,11.55118275,9.12544632,414.1177918,1265.90857
BIG.06,2/21/22,6,0,0,0,0,35.9800896,-121.2544798,2022,10.76170562,449.815984,11.38781261,9.319756508,313.9779945,886.1659834
BIG.07,2/21/22,50,0,6,0,1,35.9801555,-121.255822,2022,10.76170562,449.815984,11.38781261,9.319756508,313.9779945,886.1659834
BIG.08,2/21/22,22,0,0,0,0,36.2354297,-121.4822919,2022,10.79655511,674.1985635,11.79812908,9.321364403,340.833592,1102.805963
BIG.09,2/21/22,35,0,2,0,1,36.2350741,-121.4828551,2022,10.79655511,674.1985635,11.79812908,9.321364403,340.833592,1102.805963
BIG.10,2/21/22,8,0,0,0,0,36.2334718,-121.4854166,2022,10.79655511,674.1985635,11.79812908,9.321364403,340.833592,1102.805963
BIG.11,2/21/22,10,1,5,1,1,36.2337152,-121.484744,2022,10.79655511,674.1985635,11.79812908,9.321364403,340.833592,1102.805963
BIG.12,2/21/22,16,1,3,1,1,36.2339672,-121.4856899,2022,10.79655511,674.1985635,11.79812908,9.321364403,340.833592,1102.805963
PAR.01,2/22/22,15,3,0,1,0,35.65099408,-120.7353783,2022,10.33398031,380.0230797,10.94390488,9.224059105,260.3249952,882.3318805
PAR.02,2/22/22,8,0,0,0,0,35.42372446,-120.7410336,2022,11.89418055,655.9496666,12.0928812,9.840432167,392.6580943,1443.626863
PAR.03,2/22/22,11,0,2,0,1,35.425086,-120.73352,2022,11.67744357,741.1300991,11.00812721,9.106692314,445.7575905,1624.331449
PAR.04,2/22/22,38,1,3,1,1,35.424229,-120.740851,2022,11.89418055,655.9496666,12.0928812,9.840432167,392.6580943,1443.626863
PAR.05,2/22/22,12,0,2,0,1,35.4226203,-120.7394348,2022,11.89418055,655.9496666,12.0928812,9.840432167,392.6580943,1443.626863
PAR.06,2/22/22,50,0,0,0,0,35.455457,-120.688336,2022,10.50599976,553.402273,10.84288883,9.648487091,312.3391924,1208.140463
PAR.07,2/22/22,50,0,0,0,0,35.455688,-120.688462,2022,10.50599976,553.402273,10.84288883,9.648487091,312.3391924,1208.140463
PAR.08,2/22/22,8,0,NA,0,0,35.455713,-120.688352,2022,10.50599976,553.402273,10.84288883,9.648487091,312.3391924,1208.140463
PAR.09,2/22/22,23,0,3,0,1,35.539517,-120.805958,2022,10.88716125,547.6790997,11.22451782,9.456018448,325.2558872,1198.722674
PAR.10,2/22/22,29,0,0,0,0,35.622104,-120.666191,2022,10.74002883,337.6968133,11.19851875,9.725422859,226.7494948,689.5704776
HAS.01,2/25/22,50,0,15,0,1,36.384949,-121.551581,2022,10.74206114,549.564746,11.4222765,9.183501244,294.4377896,910.6162784
HAS.02,2/25/22,50,0,4,0,1,36.3755427,-121.5563409,2022,10.74206114,549.564746,11.4222765,9.183501244,294.4377896,910.6162784
HAS.03,2/25/22,89,1,0,1,0,36.37657,-121.54672,2022,10.74206114,549.564746,11.4222765,9.183501244,294.4377896,910.6162784
HAS.04,2/25/22,15,0,0,0,0,36.375611,-121.5430298,2022,10.74206114,549.564746,11.4222765,9.183501244,294.4377896,910.6162784
HAS.05,2/25/22,50,0,4,0,1,36.3782785,-121.5468318,2022,10.74206114,549.564746,11.4222765,9.183501244,294.4377896,910.6162784
HAS.06,2/25/22,36,0,0,0,0,36.3688409,-121.5602154,2022,10.82165556,535.3033662,11.37336063,9.126126289,278.5391916,877.9352776
HAS.07,2/25/22,6,0,0,0,0,36.36759924,-121.5588753,2022,10.74206114,549.564746,11.4222765,9.183501244,294.4377896,910.6162784
SLP.01,2/26/22,50,0,4,0,1,36.4533997,-121.8136868,2022,10.7188934,761.3882894,11.92201042,9.418338776,549.8574887,1577.755764
SLP.02,2/26/22,24,0,0,0,0,36.448369,-121.818136,2022,10.7188934,761.3882894,11.92201042,9.418338776,549.8574887,1577.755764
SLP.03,2/26/22,50,5,8,1,1,36.4493984,-121.8171066,2022,10.7188934,761.3882894,11.92201042,9.418338776,549.8574887,1577.755764
SLP.04,2/26/22,14,0,5,0,1,36.4668324,-121.826776,2022,10.7188934,761.3882894,11.92201042,9.418338776,549.8574887,1577.755764
SLP.05,2/26/22,50,0,4,0,1,36.470825,-121.8389482,2022,10.7188934,761.3882894,11.92201042,9.418338776,549.8574887,1577.755764
SLP.06,2/26/22,50,0,12,0,1,36.4661708,-121.8203022,2022,10.7188934,761.3882894,11.92201042,9.418338776,549.8574887,1577.755764
SLP.07,2/26/22,15,0,0,0,0,36.438053,-121.789334,2022,11.20575876,641.6918865,12.03328991,9.721671104,417.1880929,1235.867578
SLP.08,2/26/22,28,2,2,1,1,36.467147,-121.836167,2022,10.7188934,761.3882894,11.92201042,9.418338776,549.8574887,1577.755764
SLP.09,2/26/22,1,0,1,0,1,36.491997,-121.812057,2022,11.61901379,507.4990641,12.23304462,9.974379539,319.617596,955.2079699
Marin.26,3/13/22,50,0,14,0,1,38.1529613,-122.5752166,2022,10.64528824,793.3121927,11.56276512,10.03163815,400.5748904,1167.749871
Marin.31,3/13/22,27,4,18,1,1,38.1300867,-122.5444986,2022,10.5989837,658.1627935,11.63924789,10.21328163,340.3752905,1028.117476
Marin.32,3/13/22,50,0,0,0,0,38.1300385,-122.5445197,2022,10.5989837,658.1627935,11.63924789,10.21328163,340.3752905,1028.117476
Marin.35,3/13/22,30,1,0,1,0,38.1304913,-122.543991,2022,10.5989837,658.1627935,11.63924789,10.21328163,340.3752905,1028.117476
Marin.37,3/13/22,20,0,0,0,0,38.1308914,-122.543829,2022,10.5989837,658.1627935,11.63924789,10.21328163,340.3752905,1028.117476
Marin.38,3/13/22,50,0,6,0,1,38.1302373,-122.5440416,2022,10.5989837,658.1627935,11.63924789,10.21328163,340.3752905,1028.117476
Marin.39,3/13/22,20,0,4,0,1,38.1302138,-122.5445794,2022,10.5989837,658.1627935,11.63924789,10.21328163,340.3752905,1028.117476
Marin.40,3/13/22,3,0,NA,0,0,38.1307012,-122.5444305,2022,10.5989837,658.1627935,11.63924789,10.21328163,340.3752905,1028.117476
HOP.101,3/15/22,16,0,0,0,0,38.780556,-123.032563,2022,10.57276446,1057.521573,11.05855179,8.979188919,467.7315861,1414.355462
WIL.01,3/16/22,18,0,0,0,0,39.2291694,-123.1695029,2022,9.725219981,848.1069926,10.27249622,8.449587822,402.7848903,1065.587075
WIL.02,3/16/22,50,0,4,0,1,39.230277,-123.16976,2022,9.475045935,882.284225,9.813446045,7.989587784,416.1586892,1071.867871
WIL.03,3/16/22,5,0,0,0,0,39.230869,-123.163952,2022,9.475045935,882.284225,9.813446045,7.989587784,416.1586892,1071.867871
WIL.04,3/16/22,7,0,0,0,0,39.2039057,-123.185399,2022,9.725219981,848.1069926,10.27249622,8.449587822,402.7848903,1065.587075
WIL.05,3/16/22,50,0,3,0,1,39.2061,-123.1857038,2022,9.725219981,848.1069926,10.27249622,8.449587822,402.7848903,1065.587075
WIL.06,3/16/22,1,0,0,0,0,39.2045641,-123.1860122,2022,9.851629384,824.94439,10.45415688,8.660923004,387.2988872,1054.584575
WIL.07,3/16/22,5,0,0,0,0,39.205735,-123.185577,2022,9.725219981,848.1069926,10.27249622,8.449587822,402.7848903,1065.587075
COV.01,3/17/22,50,0,22,0,1,39.8011363,-123.2391274,2022,8.894199133,926.7561901,9.171215057,7.34172821,473.614389,1227.597367
COV.02,3/17/22,50,0,4,0,1,39.824586,-123.085906,2022,8.027210697,897.0931918,8.356779099,6.367724419,435.9960832,1124.391969
H.1,3/17/22,50,0,35,0,1,32.6783371,-116.8228302,2022,14.00253932,301.8026866,15.15192604,12.7226429,223.2204961,515.7320822
H.2,3/17/22,50,0,10,0,1,32.687195,-116.822819,2022,14.00253932,301.8026866,15.15192604,12.7226429,223.2204961,515.7320822
H.3A,3/17/22,50,0,16,0,1,32.678233,-116.822753,2022,14.00253932,301.8026866,15.15192604,12.7226429,223.2204961,515.7320822
H.4,3/17/22,50,0,18,0,1,32.67945862,-116.8220062,2022,14.00253932,301.8026866,15.15192604,12.7226429,223.2204961,515.7320822
H.5,3/17/22,50,0,4,0,1,32.682621,-116.8181305,2022,14.00253932,301.8026866,15.15192604,12.7226429,223.2204961,515.7320822
H.6A,3/17/22,50,0,0,0,0,32.683287,-116.817572,2022,14.00253932,301.8026866,15.15192604,12.7226429,223.2204961,515.7320822
H.7,3/17/22,43,2,4,1,1,32.68192291,-116.8186111,2022,14.00253932,301.8026866,15.15192604,12.7226429,223.2204961,515.7320822
H.8,3/17/22,50,0,2,0,1,32.68086624,-116.8200455,2022,14.00253932,301.8026866,15.15192604,12.7226429,223.2204961,515.7320822
ARP.01,3/18/22,50,0,0,0,0,40.4667421,-122.2728448,2022,10.7350165,707.153077,11.56553173,9.308297157,286.9811936,947.8941692
NOR.01,3/18/22,37,1,15,1,1,40.4781744,-121.8619797,2022,6.974658839,896.3414825,8.400206566,5.449569225,530.9356897,1202.144861
NOR.02,3/18/22,10,0,8,0,1,40.4781744,-121.8619797,2022,6.974658839,896.3414825,8.400206566,5.449569225,530.9356897,1202.144861
NOR.03,3/18/22,42,2,14,1,1,40.5061461,-121.8307567,2022,6.937008476,932.6051739,8.29624939,5.344080925,556.0895828,1262.223572
SHA.01,3/18/22,26,0,0,0,0,40.6149163,-122.5213997,2022,9.887211641,1395.11656,11.07012081,8.570439339,621.8663905,1661.222754
SHI.01,3/18/22,50,0,0,0,0,40.5069582,-121.831314,2022,6.937008476,932.6051739,8.29624939,5.344080925,556.0895828,1262.223572
SHA.02,3/19/22,26,0,0,0,0,40.7194136,-122.3917461,2022,10.37626486,1377.493343,11.35446167,8.649350166,693.6019777,1690.258371
SHA.03,3/19/22,50,0,0,0,0,40.799017,-122.316102,2022,9.867367744,1465.114805,10.82426548,8.130850792,701.2672841,1731.751855
SHA.04,3/19/22,35,0,0,0,0,40.9983824,-122.411893,2022,8.876781861,1541.581796,9.632883072,6.865214348,744.2429802,1706.655752
HOP.20,3/28/22,1,0,0,0,0,39.00198,-123.08041,2022,9.833901151,918.6027495,10.11983109,8.239805222,427.3492884,1206.508673
PLA.01,3/29/22,32,0,0,0,0,38.9039747,-121.0543602,2022,10.52265987,759.1118629,10.96956635,8.995119095,491.9470825,1113.84057
PLA.02,3/29/22,23,0,3,0,1,38.93356121,-121.0226573,2022,10.52265987,759.1118629,10.96956635,8.995119095,491.9470825,1113.84057
PLA.03,3/29/22,50,0,1,0,1,38.93227,-121.028078,2022,10.52265987,759.1118629,10.96956635,8.995119095,491.9470825,1113.84057
PLA.04,3/29/22,5,0,0,0,0,38.9670247,-120.9518445,2022,10.13516369,816.749699,10.73377991,8.582110405,566.6982838,1237.122369
PLA.05,3/29/22,5,1,2,1,1,38.9669973,-120.9517509,2022,10.13516369,816.749699,10.73377991,8.582110405,566.6982838,1237.122369
PLA.06,3/29/22,21,0,0,0,0,39.0495071,-120.9337858,2022,9.781646029,930.7063071,10.49492741,8.174095154,632.3124795,1416.784054
PLA.07,3/29/22,50,0,2,0,1,39.0494756,-120.933641,2022,9.781646029,930.7063071,10.49492741,8.174095154,632.3124795,1416.784054
PLA.08,3/29/22,26,0,0,0,0,39.0796387,-120.9947735,2022,9.077750556,984.6865964,9.828211784,7.465932369,650.7637886,1462.813351
PLA.09,3/29/22,3,1,1,1,1,39.0813036,-120.9931991,2022,9.077750556,984.6865964,9.828211784,7.465932369,650.7637886,1462.813351
PLA.10,3/29/22,24,0,1,0,1,39.0813668,-120.9929141,2022,9.077750556,984.6865964,9.828211784,7.465932369,650.7637886,1462.813351
NEV.01,3/30/22,42,0,0,0,0,39.268299,-121.0299236,2022,8.360546303,1258.728472,9.719579697,7.469968319,707.9487858,1632.294358
NEV.02,3/30/22,50,0,0,0,0,39.396122,-121.083257,2022,9.568448766,1068.220202,10.57543945,8.119364738,672.6371837,1508.699753
NEV.03,3/30/22,50,0,7,0,1,39.3961134,-121.0820057,2022,9.568448766,1068.220202,10.57543945,8.119364738,672.6371837,1508.699753
NEV.05,3/30/22,30,1,0,1,0,39.418259,-121.1201863,2022,9.522214031,1185.044152,10.1441555,7.829939842,735.4258807,1679.26995
NEV.06,3/30/22,13,2,2,1,1,39.4181888,-121.1203197,2022,9.522214031,1185.044152,10.1441555,7.829939842,735.4258807,1679.26995
NEV.07,3/30/22,2,0,0,0,0,39.4157044,-121.1202319,2022,9.522214031,1185.044152,10.1441555,7.829939842,735.4258807,1679.26995
NEV.08,3/30/22,27,0,0,0,0,39.3582745,-121.0672277,2022,9.568448766,1068.220202,10.57543945,8.119364738,672.6371837,1508.699753
YOS.01,4/2/22,40,0,7,0,1,37.7426393,-119.6012818,2022,5.001739168,839.9335038,5.887433052,2.371575594,480.5460907,1744.637362
YOS.02,4/2/22,5,0,2,0,1,37.7420016,-119.6021485,2022,2.663836654,915.552179,3.636375427,-0.4483172,552.1361939,1917.503161
WAW.02,4/3/22,50,0,9,0,1,37.54742993,-119.6791314,2022,6.880910619,863.9840293,8.281596184,5.060685635,557.8675837,1807.222044
FRS.01,4/4/22,2,0,0,0,0,37.1516083,-119.5097779,2022,10.17593788,601.4747502,11.06793499,8.851776123,366.0147899,1269.273673
FRS.03,4/4/22,2,0,0,0,0,37.234517,-119.498466,2022,9.22721618,748.2501162,10.34181595,7.59595108,457.5055842,1609.512747
FRS.04,4/4/22,50,0,0,0,0,37.1516428,-119.5094366,2022,10.17593788,601.4747502,11.06793499,8.851776123,366.0147899,1269.273673
FRS.05,4/4/22,50,0,6,0,1,37.1120786,-119.3105843,2022,5.324324703,785.5242675,5.496823311,2.128078938,477.1675949,1694.101954
FRS.06,4/4/22,50,0,1,0,1,37.1121677,-119.3106363,2022,5.324324703,785.5242675,5.496823311,2.128078938,477.1675949,1694.101954
FRS.08,4/4/22,7,0,0,0,0,37.1146082,-119.3109012,2022,5.324324703,785.5242675,5.496823311,2.128078938,477.1675949,1694.101954
FRS.09,4/4/22,19,0,0,0,0,37.1146082,-119.3109012,2022,5.324324703,785.5242675,5.496823311,2.128078938,477.1675949,1694.101954
FRS.10,4/4/22,50,0,9,0,1,37.1127583,-119.3105786,2022,5.324324703,785.5242675,5.496823311,2.128078938,477.1675949,1694.101954
FRS.12,4/4/22,14,0,0,0,0,37.113438,-119.311599,2022,5.324324703,785.5242675,5.496823311,2.128078938,477.1675949,1694.101954
FRS.14,4/4/22,50,0,0,0,0,37.119604,-119.305803,2022,5.324324703,785.5242675,5.496823311,2.128078938,477.1675949,1694.101954
WAW.04,4/4/22,50,7,0,1,0,37.5426051,-119.6271611,2022,6.267851369,900.8194202,7.60181427,4.287840843,586.2051871,1851.980076
WAW.06,4/4/22,12,0,0,0,0,37.41842,-119.62725,2022,7.330267318,865.6364101,9.053318977,5.50809288,571.5433897,1831.461048
WAW.07,4/4/22,50,0,0,0,0,37.39175,-119.63293,2022,9.314381043,773.012113,10.50622463,7.54729557,458.6994906,1540.47916
WAW.08,4/4/22,50,0,3,0,1,37.3915155,-119.6329677,2022,9.314381043,773.012113,10.50622463,7.54729557,458.6994906,1540.47916
WAW.09,4/4/22,50,2,2,1,1,37.391091,-119.632983,2022,9.314381043,773.012113,10.50622463,7.54729557,458.6994906,1540.47916
WAW.10,4/4/22,50,0,18,0,1,37.3915,-119.63296,2022,9.314381043,773.012113,10.50622463,7.54729557,458.6994906,1540.47916
WAW.11,4/4/22,8,0,1,0,1,37.391291,-119.633103,2022,9.314381043,773.012113,10.50622463,7.54729557,458.6994906,1540.47916
WAW.12,4/4/22,28,0,0,0,0,37.3920991,-119.6332544,2022,9.314381043,773.012113,10.50622463,7.54729557,458.6994906,1540.47916
WAW.13,4/4/22,29,0,0,0,0,37.3921897,-119.6328001,2022,9.314381043,773.012113,10.50622463,7.54729557,458.6994906,1540.47916
WAW.14,4/4/22,11,0,0,0,0,37.392761,-119.633015,2022,9.314381043,773.012113,10.50622463,7.54729557,458.6994906,1540.47916
WAW.15,4/4/22,50,2,4,1,1,37.3925453,-119.6328531,2022,9.314381043,773.012113,10.50622463,7.54729557,458.6994906,1540.47916
YOS.03,4/4/22,4,0,0,0,0,37.7407558,-119.6034933,2022,2.663836654,915.552179,3.636375427,-0.4483172,552.1361939,1917.503161
YOS.04,4/4/22,50,0,2,0,1,37.8404536,-120.2256236,2022,7.396496137,847.466096,8.805763245,6.177875519,435.4084866,1643.790672
YOS.05,4/4/22,50,0,3,0,1,37.84116264,-120.2266984,2022,7.396496137,847.466096,8.805763245,6.177875519,435.4084866,1643.790672
YOS.06,4/4/22,50,0,9,0,1,37.8413195,-120.2266211,2022,7.396496137,847.466096,8.805763245,6.177875519,435.4084866,1643.790672
YOS.07,4/4/22,1,0,0,0,0,37.840408,-120.22894,2022,7.396496137,847.466096,8.805763245,6.177875519,435.4084866,1643.790672
YOS.08,4/4/22,19,0,0,0,0,37.840408,-120.22894,2022,7.396496137,847.466096,8.805763245,6.177875519,435.4084866,1643.790672
YOS.09,4/4/22,50,0,2,0,1,37.8503627,-120.226387,2022,7.396496137,847.466096,8.805763245,6.177875519,435.4084866,1643.790672
YOS.10,4/4/22,1,1,0,1,0,37.866793,-120.2146172,2022,8.071064822,774.9799789,9.084935188,6.610268593,405.7643859,1480.096468
YOS.11,4/4/22,50,0,0,0,0,37.866882,-120.214838,2022,8.071064822,774.9799789,9.084935188,6.610268593,405.7643859,1480.096468
YOS.12,4/4/22,50,0,1,0,1,37.85967763,-120.1891734,2022,8.071064822,774.9799789,9.084935188,6.610268593,405.7643859,1480.096468
COR.01,4/13/22,50,0,0,0,0,44.539524,-123.251604,2022,6.912005186,808.576313,6.637230873,5.430954933,779.9064792,721.9413814
COR.02,4/13/22,36,0,0,0,0,44.552429,-123.270547,2022,6.857311376,825.6199216,6.612164974,5.393463135,814.9737792,738.2382801
COR.03,4/13/22,4,0,0,0,0,44.5521238,-123.2697625,2022,6.857311376,825.6199216,6.612164974,5.393463135,814.9737792,738.2382801
COR.04,4/13/22,50,0,5,0,1,44.55533467,-123.2737093,2022,6.857311376,825.6199216,6.612164974,5.393463135,814.9737792,738.2382801
COR.05,4/13/22,3,0,0,0,0,44.56666474,-123.2729515,2022,6.730275885,923.8000596,6.525236607,5.28169775,917.2502791,840.8436747
COR.07,4/13/22,6,0,0,0,0,44.56747482,-123.2662718,2022,6.898821147,850.6078797,6.625653267,5.447525024,866.7507764,789.5135768
COR.08,4/13/22,9,3,1,1,1,44.6064994,-123.2799667,2022,6.429960918,1127.09078,6.299160957,4.976765633,1061.942178,1036.027777
COR.09,4/13/22,50,0,5,0,1,44.60662917,-123.2795457,2022,6.429960918,1127.09078,6.299160957,4.976765633,1061.942178,1036.027777
COR.10,4/13/22,17,0,0,0,0,44.5583465,-123.2643301,2022,6.912005186,808.576313,6.637230873,5.430954933,779.9064792,721.9413814
EUG.02,4/14/22,50,2,0,1,0,44.021476,-123.1586048,2022,6.8907365,835.6158406,7.13753891,5.792319775,724.1402862,643.7147822
EUG.03,4/14/22,50,0,1,0,1,44.023204,-123.098694,2022,6.936202463,833.9860256,7.056447029,5.714627743,718.1306809,649.4198839
EUG.04,4/14/22,13,0,0,0,0,44.022239,-123.0998268,2022,6.936202463,833.9860256,7.056447029,5.714627743,718.1306809,649.4198839
EUG.05,4/14/22,50,0,3,0,1,44.0292916,-123.0873093,2022,6.936202463,833.9860256,7.056447029,5.714627743,718.1306809,649.4198839
EUG.06,4/14/22,50,0,0,0,0,44.039082,-123.064695,2022,6.936202463,833.9860256,7.056447029,5.714627743,718.1306809,649.4198839
EUG.07,4/14/22,5,0,0,0,0,44.004584,-123.075689,2022,6.886594391,865.7356259,7.08934021,5.680131912,743.2471796,710.456483
EUG.08,4/14/22,4,0,0,0,0,44.01454546,-123.0873925,2022,6.886594391,865.7356259,7.08934021,5.680131912,743.2471796,710.456483
EUG.09,4/14/22,27,0,2,0,1,44.01545928,-123.0866676,2022,6.886594391,865.7356259,7.08934021,5.680131912,743.2471796,710.456483
EUG.10,4/14/22,3,0,0,0,0,44.0150838,-123.0867869,2022,6.886594391,865.7356259,7.08934021,5.680131912,743.2471796,710.456483
EUG.11,4/14/22,50,0,13,0,1,44.0150197,-123.0867189,2022,6.886594391,865.7356259,7.08934021,5.680131912,743.2471796,710.456483
EUG.12,4/14/22,50,0,3,0,1,44.0150144,-123.0865338,2022,6.886594391,865.7356259,7.08934021,5.680131912,743.2471796,710.456483
EUG.13,4/14/22,50,0,2,0,1,44.0152835,-123.0866223,2022,6.886594391,865.7356259,7.08934021,5.680131912,743.2471796,710.456483
EUG.14,4/14/22,21,0,0,0,0,44.015158,-123.086775,2022,6.886594391,865.7356259,7.08934021,5.680131912,743.2471796,710.456483
EUG.16,4/14/22,46,0,0,0,0,43.987651,-123.079122,2022,6.886594391,865.7356259,7.08934021,5.680131912,743.2471796,710.456483
ROS.01,4/15/22,10,0,0,0,0,43.2803299,-123.3575174,2022,7.64624006,725.0223033,7.663611412,6.126348495,506.894092,631.1921861
ROS.02,4/15/22,5,0,0,0,0,43.280082,-123.359022,2022,7.64624006,725.0223033,7.663611412,6.126348495,506.894092,631.1921861
ROS.03,4/15/22,40,0,0,0,0,43.219223,-123.363078,2022,7.908418226,697.1417766,7.680670738,6.273558617,508.465584,602.8734837
ROS.04,4/15/22,15,0,0,0,0,43.205377,-123.356323,2022,7.807568804,708.5367785,7.651176929,6.227864742,510.217689,616.3433795
ROS.05,4/15/22,22,0,0,0,0,43.29747,-122.906037,2022,6.618203354,1135.716423,6.649578571,5.002375603,952.1635726,1083.233172
ROS.06,4/15/22,3,0,0,0,0,43.2959019,-122.8928106,2022,6.303510443,1310.81169,6.258655071,4.519527912,1096.025673,1178.622972
ROS.07,4/15/22,50,14,18,1,1,43.2955781,-122.8923114,2022,6.303510443,1310.81169,6.258655071,4.519527912,1096.025673,1178.622972
ROS.08,4/15/22,3,0,0,0,0,43.239325,-122.934053,2022,6.43133111,1136.881408,6.477975368,4.763215065,924.0928754,1050.584376
ROS.09,4/15/22,50,0,0,0,0,43.2464534,-122.8896147,2022,6.196807718,1280.547463,6.278846741,4.492116451,1057.39557,1154.424866
ROS.10,4/16/22,3,0,0,0,0,43.2465017,-122.8898514,2022,6.196807718,1280.547463,6.278846741,4.492116451,1057.39557,1154.424866
SAL.01A,4/16/22,19,2,6,1,1,44.7827458,-122.6063567,2022,6.366083511,1222.819499,6.145226002,4.942397118,1266.399571,1107.053978
SAL.02,4/16/22,31,0,0,0,0,44.7692587,-122.5651107,2022,5.959132385,1256.184455,5.779952049,4.47452116,1241.828569,1094.947176
SAL.03,4/16/22,50,0,0,0,0,44.7692587,-122.5651107,2022,5.959132385,1256.184455,5.779952049,4.47452116,1241.828569,1094.947176
SAL.04,4/16/22,3,0,0,0,0,44.729394,-122.175124,2022,4.18230691,1819.596592,4.081100464,2.356138229,1707.008447,1506.460759
SAL.05,4/16/22,2,0,0,0,0,44.730885,-122.150689,2022,4.18230691,1819.596592,4.081100464,2.356138229,1707.008447,1506.460759
POR.01,4/17/22,17,0,0,0,0,45.588179,-122.3912228,2022,7.036716604,908.2466528,6.914954662,5.790046692,1032.453679,919.0431775
POR.02,4/17/22,31,0,7,0,1,45.5877888,-122.3754765,2022,7.036716604,908.2466528,6.914954662,5.790046692,1032.453679,919.0431775
POR.03,4/17/22,42,0,0,0,0,45.6765282,-122.7431346,2022,7.103950151,754.8024335,7.085249901,5.940124989,822.1280783,763.0314761
POR.04,4/17/22,2,0,0,0,0,45.6756267,-122.7438719,2022,7.103950151,754.8024335,7.085249901,5.940124989,822.1280783,763.0314761
POR.05,4/17/22,18,0,0,0,0,45.5621147,-122.7830388,2022,6.396713146,871.7010462,6.963407516,5.767486095,893.1143724,864.2910774
POR.06,4/17/22,21,0,4,0,1,45.5469534,-122.7639429,2022,6.049916728,909.7943339,6.988091946,5.789235592,987.3637741,927.1411804
POR.07,4/18/22,20,0,0,0,0,45.5394184,-122.6484795,2022,7.292391666,841.0663193,7.229096889,6.108530998,875.8546801,839.08498
POR.09,4/18/22,25,1,0,1,0,45.446151,-122.5076021,2022,7.002476168,948.2530831,6.810303688,5.689152718,996.6772761,871.597574
POR.10,4/18/22,47,0,1,0,1,45.4899402,-122.4968502,2022,7.160526768,889.3941961,7.075452805,5.959724903,952.9133752,854.5639821
POR.11,4/18/22,17,0,0,0,0,45.489889,-122.4972163,2022,7.160526768,889.3941961,7.075452805,5.959724903,952.9133752,854.5639821
POR.12,4/18/22,3,0,0,0,0,45.489469,-122.4947144,2022,7.160526768,889.3941961,7.075452805,5.959724903,952.9133752,854.5639821
POR.13,4/18/22,10,0,0,0,0,45.8162056,-122.7456921,2022,6.68384045,838.2367701,6.625436306,5.431363106,868.4243804,830.8092836
POR.14,4/18/22,11,0,0,0,0,45.8673078,-122.7053862,2022,6.456740189,942.6425499,6.239144802,5.04600668,973.4337747,924.3355815
SEA.01,4/18/22,50,0,0,0,0,47.6725475,-122.3095304,2022,7.132696517,699.1392594,6.583568573,6.01331377,782.3310792,673.991181
SEA.02,4/19/22,50,0,0,0,0,47.6281995,-122.2944118,2022,7.179715506,718.8020636,6.598515511,6.03632164,796.1310816,678.7945846
SEA.03,4/19/22,11,0,4,0,1,47.6661004,-122.4122717,2022,7.484605328,734.1789231,6.937191963,6.287828922,777.5411825,659.6129863
SEA.04,4/19/22,50,0,3,0,1,47.6666017,-122.4124464,2022,7.484605328,734.1789231,6.937191963,6.287828922,777.5411825,659.6129863
SEA.06,4/19/22,50,0,0,0,0,47.758249,-122.3769675,2022,7.153385258,707.6283697,6.485378742,5.870898247,760.9239798,660.0132868
SEA.08,4/20/22,39,0,2,0,1,47.374782,-122.322862,2022,7.283543603,753.4491958,6.963787556,6.250087261,957.116176,630.7600871
JR.01,1/12/23,50,0,0,0,0,37.40736,-122.23756,2023,11.87988024,648.4823931,12.28750801,10.43405914,353.0751864,1157.49127
JR.02A,1/12/23,50,0,0,0,0,37.4064352,-122.2330354,2023,11.87988024,648.4823931,12.28750801,10.43405914,353.0751864,1157.49127
JR.02B,1/12/23,14,1,0,1,0,37.4064352,-122.2330354,2023,11.87988024,648.4823931,12.28750801,10.43405914,353.0751864,1157.49127
JR.03,1/12/23,47,0,15,0,1,37.4081,-122.23649,2023,11.87988024,648.4823931,12.28750801,10.43405914,353.0751864,1157.49127
JR.04,1/12/23,50,2,8,1,1,37.408673,-122.233841,2023,11.87988024,648.4823931,12.28750801,10.43405914,353.0751864,1157.49127
JR.05,1/12/23,46,22,34,1,1,37.40912,-122.23321,2023,11.87988024,648.4823931,12.28750801,10.43405914,353.0751864,1157.49127
JR.06,1/12/23,50,7,0,1,0,37.40923737,-122.2328484,2023,11.87988024,648.4823931,12.28750801,10.43405914,353.0751864,1157.49127
JR.10,1/12/23,25,0,0,0,0,37.41129,-122.23656,2023,11.87988024,648.4823931,12.28750801,10.43405914,353.0751864,1157.49127
JR.11,1/12/23,12,0,0,0,0,37.41106,-122.2369,2023,11.87988024,648.4823931,12.28750801,10.43405914,353.0751864,1157.49127
JR.20,1/12/23,50,0,14,0,1,37.401902,-122.24073,2023,11.87988024,648.4823931,12.28750801,10.43405914,353.0751864,1157.49127
JR.21,1/12/23,43,1,2,1,1,37.40242866,-122.2427432,2023,11.87988024,648.4823931,12.28750801,10.43405914,353.0751864,1157.49127
JR.22,1/12/23,31,0,2,0,1,37.4061324,-122.2422428,2023,11.87988024,648.4823931,12.28750801,10.43405914,353.0751864,1157.49127
JR.A,1/12/23,50,0,14,0,1,37.40805,-122.23703,2023,11.87988024,648.4823931,12.28750801,10.43405914,353.0751864,1157.49127
JR.C,1/12/23,27,0,0,0,0,37.40933877,-122.2346837,2023,11.87988024,648.4823931,12.28750801,10.43405914,353.0751864,1157.49127
JR.D,1/12/23,50,0,0,0,0,37.409124,-122.2350372,2023,11.87988024,648.4823931,12.28750801,10.43405914,353.0751864,1157.49127
JR.K,1/12/23,50,0,0,0,0,37.4086923,-122.2338763,2023,11.87988024,648.4823931,12.28750801,10.43405914,353.0751864,1157.49127
DUB.01,1/19/23,20,0,0,0,0,37.7055628,-121.9493087,2023,10.95616344,566.0504209,10.83236313,9.254511833,364.9182909,993.4555797
DUB.02,1/19/23,35,1,0,1,0,37.7062445,-121.9504971,2023,10.95616344,566.0504209,10.83236313,9.254511833,364.9182909,993.4555797
DUB.03,1/19/23,50,0,0,0,0,37.7063164,-121.9510112,2023,10.95616344,566.0504209,10.83236313,9.254511833,364.9182909,993.4555797
DUB.04,1/19/23,50,0,0,0,0,37.706854,-121.9517777,2023,10.95616344,566.0504209,10.83236313,9.254511833,364.9182909,993.4555797
DUB.05,1/19/23,50,0,5,0,1,37.7072063,-121.9527225,2023,10.95616344,566.0504209,10.83236313,9.254511833,364.9182909,993.4555797
DUB.06,1/19/23,9,1,3,1,1,37.7077469,-121.9540069,2023,10.95616344,566.0504209,10.83236313,9.254511833,364.9182909,993.4555797
DUB.07,1/19/23,50,0,3,0,1,37.7079209,-121.954637,2023,10.95616344,566.0504209,10.83236313,9.254511833,364.9182909,993.4555797
DUB.08,1/19/23,50,1,16,1,1,37.7079774,-121.954722,2023,10.95616344,566.0504209,10.83236313,9.254511833,364.9182909,993.4555797
DUB.09,1/19/23,50,0,0,0,0,37.7085278,-121.9568216,2023,10.95616344,566.0504209,10.83236313,9.254511833,364.9182909,993.4555797
DUB.10,1/19/23,50,0,0,0,0,37.7086776,-121.9564658,2023,10.95616344,566.0504209,10.83236313,9.254511833,364.9182909,993.4555797
DUB.11,1/19/23,50,0,0,0,0,37.70695,-121.9511051,2023,10.95616344,566.0504209,10.83236313,9.254511833,364.9182909,993.4555797
DUB.12,1/19/23,26,0,0,0,0,37.705903,-121.95005,2023,10.95616344,566.0504209,10.83236313,9.254511833,364.9182909,993.4555797
Marin.26,1/19/23,50,3,11,1,1,38.1529613,-122.5752166,2023,10.64528824,793.3121927,11.56276512,10.03163815,400.5748904,1167.749871
Marin.27,1/19/23,29,0,12,0,1,38.1526318,-122.5757929,2023,10.64528824,793.3121927,11.56276512,10.03163815,400.5748904,1167.749871
Marin.29,1/19/23,23,0,0,0,0,38.1525295,-122.5708248,2023,10.64528824,793.3121927,11.56276512,10.03163815,400.5748904,1167.749871
Marin.30,1/19/23,24,0,0,0,0,38.151743,-122.571255,2023,10.64528824,793.3121927,11.56276512,10.03163815,400.5748904,1167.749871
Marin.31,1/19/23,50,0,3,0,1,38.1300867,-122.5444986,2023,10.5989837,658.1627935,11.63924789,10.21328163,340.3752905,1028.117476
Marin.32,1/19/23,50,1,9,1,1,38.1300385,-122.5445197,2023,10.5989837,658.1627935,11.63924789,10.21328163,340.3752905,1028.117476
Marin.33,1/19/23,50,3,4,1,1,38.1299609,-122.5442411,2023,10.5989837,658.1627935,11.63924789,10.21328163,340.3752905,1028.117476
Marin.34,1/19/23,50,0,5,0,1,38.1304567,-122.5440621,2023,10.5989837,658.1627935,11.63924789,10.21328163,340.3752905,1028.117476
Marin.35,1/19/23,50,4,20,1,1,38.1304913,-122.543991,2023,10.5989837,658.1627935,11.63924789,10.21328163,340.3752905,1028.117476
Marin.36,1/19/23,50,0,3,0,1,38.1304238,-122.5438944,2023,10.5989837,658.1627935,11.63924789,10.21328163,340.3752905,1028.117476
Marin.37,1/19/23,50,0,0,0,0,38.1308914,-122.543829,2023,10.5989837,658.1627935,11.63924789,10.21328163,340.3752905,1028.117476
Marin.38,1/19/23,50,2,17,1,1,38.1302373,-122.5440416,2023,10.5989837,658.1627935,11.63924789,10.21328163,340.3752905,1028.117476
Marin.41,1/19/23,50,1,0,1,0,38.1308505,-122.5438264,2023,10.5989837,658.1627935,11.63924789,10.21328163,340.3752905,1028.117476
Marin.42,1/19/23,50,6,8,1,1,38.130644,-122.544105,2023,10.5989837,658.1627935,11.63924789,10.21328163,340.3752905,1028.117476
Marin.43,1/19/23,50,0,11,0,1,38.13045,-122.544205,2023,10.5989837,658.1627935,11.63924789,10.21328163,340.3752905,1028.117476
Marin.44,1/19/23,50,11,23,1,1,38.130275,-122.544503,2023,10.5989837,658.1627935,11.63924789,10.21328163,340.3752905,1028.117476
BVP.01,1/24/23,17,0,0,0,0,33.15561,-117.24724,2023,14.36168791,286.5322603,14.4987011,12.59835815,172.5748962,601.8007887
BVP.03,1/24/23,50,0,0,0,0,33.15352,-117.24741,2023,14.36168791,286.5322603,14.4987011,12.59835815,172.5748962,601.8007887
BVP.05,1/24/23,2,0,0,0,0,33.15303,-117.244,2023,14.36168791,286.5322603,14.4987011,12.59835815,172.5748962,601.8007887
BVP.06,1/24/23,1,0,0,0,0,33.1540924,-117.2405369,2023,14.36168791,286.5322603,14.4987011,12.59835815,172.5748962,601.8007887
BVP.07,1/24/23,50,0,0,0,0,33.15008,-117.24883,2023,14.36168791,286.5322603,14.4987011,12.59835815,172.5748962,601.8007887
CAS.01,1/24/23,50,0,0,0,0,33.53726,-117.5528098,2023,15.06077636,363.11421,15.07617092,12.60068321,188.9358989,639.6102864
CAS.02,1/24/23,50,0,0,0,0,33.5439703,-117.5593882,2023,15.06077636,363.11421,15.07617092,12.60068321,188.9358989,639.6102864
CAS.03,1/24/23,19,0,0,0,0,33.544281,-117.560119,2023,15.06077636,363.11421,15.07617092,12.60068321,188.9358989,639.6102864
CAS.04,1/24/23,50,0,0,0,0,33.5445443,-117.559361,2023,15.06077636,363.11421,15.07617092,12.60068321,188.9358989,639.6102864
ONP.01,1/24/23,50,0,0,0,0,33.64717,-117.60046,2023,15.05244033,357.0721368,15.07846451,12.31373119,241.9386917,727.2602751
ONP.02,1/24/23,50,0,0,0,0,33.64723,-117.60156,2023,15.05244033,357.0721368,15.07846451,12.31373119,241.9386917,727.2602751
WHIT.01,1/24/23,50,0,3,0,1,33.67806,-117.64726,2023,14.83316043,323.3332965,15.1320467,12.53150177,201.2592982,616.7169828
WHIT.02,1/24/23,50,0,7,0,1,33.69254,-117.6541698,2023,14.83316043,323.3332965,15.1320467,12.53150177,201.2592982,616.7169828
H.1,1/25/23,50,0,9,0,1,32.6783371,-116.8228302,2023,14.00253932,301.8026866,15.15192604,12.7226429,223.2204961,515.7320822
H.10,1/25/23,50,0,4,0,1,32.675655,-116.825455,2023,14.00253932,301.8026866,15.15192604,12.7226429,223.2204961,515.7320822
H.11,1/25/23,45,0,0,0,0,32.679028,-116.822372,2023,14.00253932,301.8026866,15.15192604,12.7226429,223.2204961,515.7320822
H.12,1/25/23,34,0,0,0,0,32.683105,-116.81772,2023,14.00253932,301.8026866,15.15192604,12.7226429,223.2204961,515.7320822
H.13,1/25/23,50,0,0,0,0,32.681208,-116.818747,2023,14.00253932,301.8026866,15.15192604,12.7226429,223.2204961,515.7320822
H.14,1/25/23,50,0,1,0,1,32.68097,-116.819375,2023,14.00253932,301.8026866,15.15192604,12.7226429,223.2204961,515.7320822
H.2,1/25/23,50,0,14,0,1,32.687195,-116.822819,2023,14.00253932,301.8026866,15.15192604,12.7226429,223.2204961,515.7320822
H.3A,1/25/23,41,2,5,1,1,32.678233,-116.822753,2023,14.00253932,301.8026866,15.15192604,12.7226429,223.2204961,515.7320822
H.3B,1/25/23,50,1,12,1,1,32.678233,-116.822753,2023,14.00253932,301.8026866,15.15192604,12.7226429,223.2204961,515.7320822
H.3C,1/25/23,50,0,7,0,1,32.678233,-116.822753,2023,14.00253932,301.8026866,15.15192604,12.7226429,223.2204961,515.7320822
H.4,1/25/23,50,0,0,0,0,32.67945862,-116.8220062,2023,14.00253932,301.8026866,15.15192604,12.7226429,223.2204961,515.7320822
H.5,1/25/23,50,0,23,0,1,32.682621,-116.8181305,2023,14.00253932,301.8026866,15.15192604,12.7226429,223.2204961,515.7320822
H.6A,1/25/23,50,0,0,0,0,32.683287,-116.817572,2023,14.00253932,301.8026866,15.15192604,12.7226429,223.2204961,515.7320822
H.6B,1/25/23,50,0,11,0,1,32.683287,-116.817572,2023,14.00253932,301.8026866,15.15192604,12.7226429,223.2204961,515.7320822
H.7,1/25/23,50,1,2,1,1,32.68192291,-116.8186111,2023,14.00253932,301.8026866,15.15192604,12.7226429,223.2204961,515.7320822
H.8,1/25/23,50,17,9,1,1,32.68086624,-116.8200455,2023,14.00253932,301.8026866,15.15192604,12.7226429,223.2204961,515.7320822
H.9,1/25/23,9,0,0,0,0,32.675513,-116.825578,2023,14.00253932,301.8026866,15.15192604,12.7226429,223.2204961,515.7320822
JUL.01,1/25/23,45,0,26,0,1,33.04398,-116.58517,2023,8.478483756,581.2200466,9.893279076,6.562371254,424.0467894,1100.789673
JUL.03,1/25/23,16,0,0,0,0,33.043392,-116.586083,2023,8.478483756,581.2200466,9.893279076,6.562371254,424.0467894,1100.789673
JUL.04,1/25/23,12,0,0,0,0,33.04474,-116.58696,2023,8.478483756,581.2200466,9.893279076,6.562371254,424.0467894,1100.789673
JUL.05,1/25/23,50,0,4,0,1,33.04419,-116.5881,2023,8.478483756,581.2200466,9.893279076,6.562371254,424.0467894,1100.789673
RAM.01,1/25/23,50,0,0,0,0,33.00458212,-116.7794394,2023,12.30171636,367.6657767,14.90705585,11.56348991,231.6491923,660.9845778
RAM.02,1/25/23,45,0,0,0,0,33.00003306,-116.76895,2023,12.47687311,375.4442599,14.67646027,11.43701363,243.0579953,681.3459812
EMO.01,1/26/23,50,0,0,0,0,33.46648,-117.04293,2023,13.40394468,351.7380423,13.93069935,11.01798916,217.3499922,650.1996836
EMO.02,1/26/23,50,0,0,0,0,33.46613,-117.04247,2023,13.40394468,351.7380423,13.93069935,11.01798916,217.3499922,650.1996836
EMO.03,1/26/23,50,0,5,0,1,33.46598,-117.0425,2023,13.40394468,351.7380423,13.93069935,11.01798916,217.3499922,650.1996836
EMO.05,1/26/23,30,1,0,1,0,33.46604,-117.04156,2023,13.40394468,351.7380423,13.93069935,11.01798916,217.3499922,650.1996836
EMO.06,1/26/23,3,0,0,0,0,33.46708,-117.03808,2023,13.40394468,351.7380423,13.93069935,11.01798916,217.3499922,650.1996836
EMO.10,1/26/23,50,0,17,0,1,33.4661843,-117.0423847,2023,13.40394468,351.7380423,13.93069935,11.01798916,217.3499922,650.1996836
EMO.11,1/26/23,2,0,0,0,0,33.466195,-117.04235,2023,13.40394468,351.7380423,13.93069935,11.01798916,217.3499922,650.1996836
MON.01,1/26/23,50,0,1,0,1,33.7771634,-117.5112482,2023,14.29779991,261.7328538,14.92057037,12.23479652,163.5469937,480.1044888
MON.02,1/26/23,50,0,0,0,0,33.7774114,-117.5126148,2023,14.29779991,261.7328538,14.92057037,12.23479652,163.5469937,480.1044888
MON.03,1/26/23,1,0,0,0,0,33.774259,-117.5124133,2023,14.29779991,261.7328538,14.92057037,12.23479652,163.5469937,480.1044888
MON.04,1/26/23,50,0,0,0,0,33.7775,-117.51262,2023,14.29779991,261.7328538,14.92057037,12.23479652,163.5469937,480.1044888
MUR.01,1/26/23,50,0,0,0,0,33.576461,-117.246872,2023,13.51491305,330.7231001,14.08936119,11.24749279,186.1843934,565.0537863
MUR.02,1/26/23,50,0,1,0,1,33.5630213,-117.24896,2023,13.51491305,330.7231001,14.08936119,11.24749279,186.1843934,565.0537863
MUR.03,1/26/23,1,0,0,0,0,33.5628025,-117.2498029,2023,13.51491305,330.7231001,14.08936119,11.24749279,186.1843934,565.0537863
MUR.04,1/26/23,50,0,0,0,0,33.5622868,-117.2512248,2023,13.51491305,330.7231001,14.08936119,11.24749279,186.1843934,565.0537863
POW.01,1/26/23,50,0,5,0,1,33.9639411,-117.923971,2023,15.23451767,380.9339134,15.43732643,12.9188261,231.0459948,692.6884774
POW.02,1/26/23,50,0,0,0,0,33.9638888,-117.9243188,2023,15.23451767,380.9339134,15.43732643,12.9188261,231.0459948,692.6884774
POW.03,1/26/23,50,0,40,0,1,33.962844,-117.9248998,2023,15.23451767,380.9339134,15.43732643,12.9188261,231.0459948,692.6884774
RivCo.01,1/26/23,50,0,0,0,0,33.9635779,-117.5035923,2023,14.34394601,231.4109564,15.71338272,12.87210369,158.3031967,393.4165888
RivCo.02,1/26/23,50,0,0,0,0,33.9628307,-117.5031992,2023,14.34394601,231.4109564,15.71338272,12.87210369,158.3031967,393.4165888
CLA.01,1/27/23,28,0,0,0,0,34.16374,-117.68245,2023,12.2343379,587.4260022,13.94651413,10.37346172,429.4020884,1232.513871
CLA.02,1/27/23,50,0,9,0,1,34.16392,-117.68212,2023,12.2343379,587.4260022,13.94651413,10.37346172,429.4020884,1232.513871
CLA.03,1/27/23,4,0,0,0,0,34.16398,-117.68211,2023,12.2343379,587.4260022,13.94651413,10.37346172,429.4020884,1232.513871
CLA.05A,1/27/23,37,3,8,1,1,34.16508,-117.68199,2023,12.2343379,587.4260022,13.94651413,10.37346172,429.4020884,1232.513871
CLA.05B,1/27/23,16,0,7,0,1,34.16508,-117.68199,2023,12.2343379,587.4260022,13.94651413,10.37346172,429.4020884,1232.513871
CLA.06,1/27/23,18,0,0,0,0,34.133574,-117.768562,2023,13.9051781,424.3553288,14.48959351,11.66078091,302.685697,832.4786814
CLA.07,1/27/23,3,2,0,1,0,34.1605134,-117.8258224,2023,13.64146036,530.8222633,14.77719498,11.58180904,407.1304838,1125.958173
CLA.08,1/27/23,2,1,0,1,0,34.1603336,-117.8254398,2023,13.64146036,530.8222633,14.77719498,11.58180904,407.1304838,1125.958173
CLA.09,1/27/23,43,1,13,1,1,34.1626058,-117.8207748,2023,13.64146036,530.8222633,14.77719498,11.58180904,407.1304838,1125.958173
CLA.10,1/27/23,50,0,0,0,0,34.1630136,-117.8195893,2023,13.64146036,530.8222633,14.77719498,11.58180904,407.1304838,1125.958173
CLA.11,1/27/23,50,0,0,0,0,34.0916491,-117.8286799,2023,14.31127094,381.2364697,15.32197094,12.72385788,281.3928888,724.4138843
CLA.12,1/27/23,50,0,0,0,0,34.1252685,-117.856905,2023,14.90826317,417.291903,15.68529987,13.06246281,313.8576864,818.3792726
CLA.13,1/27/23,50,0,0,0,0,34.1235949,-117.8587317,2023,14.90826317,417.291903,15.68529987,13.06246281,313.8576864,818.3792726
CLA.14,1/27/23,25,0,3,0,1,34.162761,-117.819978,2023,13.64146036,530.8222633,14.77719498,11.58180904,407.1304838,1125.958173
GP.02,1/27/23,52,0,0,0,0,34.119817,-118.297897,2023,15.05638444,392.8003596,15.8737793,13.24561501,293.900689,839.1393851
GP.03,1/27/23,42,0,0,0,0,34.1197705,-118.2980122,2023,15.05638444,392.8003596,15.8737793,13.24561501,293.900689,839.1393851
GP.11,1/27/23,7,0,0,0,0,34.1464185,-118.2964156,2023,14.73744055,394.646146,15.87420464,12.88099957,287.5546938,835.4321771
GP.12,1/27/23,50,0,2,0,1,34.1450402,-118.2941373,2023,14.73744055,394.646146,15.87420464,12.88099957,287.5546938,835.4321771
GP.13,1/27/23,50,0,0,0,0,34.1350609,-118.2901713,2023,15.05638444,392.8003596,15.8737793,13.24561501,293.900689,839.1393851
GP.14,1/27/23,28,0,0,0,0,34.1356778,-118.2873072,2023,15.05638444,392.8003596,15.8737793,13.24561501,293.900689,839.1393851
GP.15,1/27/23,50,0,0,0,0,34.119758,-118.297683,2023,15.05638444,392.8003596,15.8737793,13.24561501,293.900689,839.1393851
HAH.01,1/27/23,50,0,0,0,0,34.1940203,-118.1758178,2023,14.05670808,515.0412628,14.85011196,11.9287653,410.9112872,1046.411787
HAH.02,1/27/23,50,0,0,0,0,34.1429877,-118.1661176,2023,14.85595112,418.3210026,15.7368288,13.18507862,338.3369896,874.4480786
DEX.01,1/28/23,50,0,4,0,1,34.2953176,-118.3751737,2023,14.06796449,383.1683597,15.2983017,12.24719238,291.5587924,796.5762839
DEX.02,1/28/23,50,0,0,0,0,34.2940227,-118.3753835,2023,14.06796449,383.1683597,15.2983017,12.24719238,291.5587924,796.5762839
DEX.03,1/28/23,36,0,0,0,0,34.294626,-118.3751737,2023,14.06796449,383.1683597,15.2983017,12.24719238,291.5587924,796.5762839
DEX.04,1/28/23,50,0,0,0,0,34.2948346,-118.3749812,2023,14.06796449,383.1683597,15.2983017,12.24719238,291.5587924,796.5762839
OJA.01,2/6/23,2,0,0,0,0,34.418905,-119.341078,2023,12.78008521,497.7073263,14.16027164,11.63683414,340.2793894,1135.511875
OJA.04,2/6/23,50,0,0,0,0,34.4184212,-119.160849,2023,12.01916402,553.1574768,13.40496922,10.78944206,355.6378902,1213.493584
OJA.05,2/6/23,50,0,0,0,0,34.416122,-119.163033,2023,12.01916402,553.1574768,13.40496922,10.78944206,355.6378902,1213.493584
OJA.06,2/6/23,50,0,1,0,1,34.3568066,-119.3166344,2023,13.19928096,474.8725039,13.86103821,11.55577278,329.9185886,1086.249479
OJA.07,2/6/23,50,0,0,0,0,34.3567726,-119.3155263,2023,13.19928096,474.8725039,13.86103821,11.55577278,329.9185886,1086.249479
OJA.08,2/6/23,50,0,5,0,1,34.35692,-119.31592,2023,13.19928096,474.8725039,13.86103821,11.55577278,329.9185886,1086.249479
OJA.09A,2/6/23,50,0,5,0,1,34.3568,-119.316247,2023,13.19928096,474.8725039,13.86103821,11.55577278,329.9185886,1086.249479
OJA.09B,2/6/23,50,0,3,0,1,34.3568,-119.316247,2023,13.19928096,474.8725039,13.86103821,11.55577278,329.9185886,1086.249479
OJA.10,2/6/23,50,0,9,0,1,34.360417,-119.315705,2023,13.19928096,474.8725039,13.86103821,11.55577278,329.9185886,1086.249479
OJA.11,2/6/23,50,0,10,0,1,34.356495,-119.316667,2023,13.19928096,474.8725039,13.86103821,11.55577278,329.9185886,1086.249479
OJA.12,2/6/23,50,13,21,1,1,34.358005,-119.31585,2023,13.19928096,474.8725039,13.86103821,11.55577278,329.9185886,1086.249479
OJA.13,2/6/23,50,0,12,0,1,34.419078,-119.161111,2023,12.01916402,553.1574768,13.40496922,10.78944206,355.6378902,1213.493584
MC.02,2/7/23,50,1,4,1,1,34.1006575,-118.7263275,2023,14.55465835,401.8617602,13.59385586,11.11774445,375.3668885,790.9453774
MC.03,2/7/23,50,0,0,0,0,34.0995636,-118.7282372,2023,14.77002274,451.3595569,13.69270802,11.39850426,389.2697878,886.9332779
MC.05,2/7/23,50,0,0,0,0,34.0963986,-118.7142287,2023,14.77002274,451.3595569,13.69270802,11.39850426,389.2697878,886.9332779
MC.06,2/7/23,50,0,0,0,0,34.0846102,-118.7055494,2023,14.77002274,451.3595569,13.69270802,11.39850426,389.2697878,886.9332779
MC.07,2/7/23,50,0,0,0,0,34.0847952,-118.7055316,2023,14.77002274,451.3595569,13.69270802,11.39850426,389.2697878,886.9332779
MC.09,2/7/23,8,0,1,0,1,34.0849629,-118.7047363,2023,14.77002274,451.3595569,13.69270802,11.39850426,389.2697878,886.9332779
MC.10,2/7/23,1,0,0,0,0,34.084345,-118.706442,2023,14.77002274,451.3595569,13.69270802,11.39850426,389.2697878,886.9332779
MC.11,2/7/23,7,0,0,0,0,34.0836622,-118.7084921,2023,14.77002274,451.3595569,13.69270802,11.39850426,389.2697878,886.9332779
MC.13,2/7/23,50,0,0,0,0,34.0854566,-118.709334,2023,14.77002274,451.3595569,13.69270802,11.39850426,389.2697878,886.9332779
MC.14,2/7/23,50,4,17,1,1,34.100589,-118.7231,2023,14.55465835,401.8617602,13.59385586,11.11774445,375.3668885,790.9453774
MC.15,2/7/23,5,0,0,0,0,34.085469,-118.709275,2023,14.77002274,451.3595569,13.69270802,11.39850426,389.2697878,886.9332779
MC.16,2/7/23,50,1,3,1,1,34.085239,-118.710005,2023,14.77002274,451.3595569,13.69270802,11.39850426,389.2697878,886.9332779
MC.17,2/7/23,36,0,21,0,1,34.084858,-118.71087,2023,14.77002274,451.3595569,13.69270802,11.39850426,389.2697878,886.9332779
THO.02,2/7/23,50,0,0,0,0,34.1679055,-118.8608885,2023,14.11036568,384.3386937,14.54051304,11.88816929,332.4163884,807.3192808
THO.03,2/7/23,50,0,7,0,1,34.170756,-118.874606,2023,14.11036568,384.3386937,14.54051304,11.88816929,332.4163884,807.3192808
THO.04,2/7/23,50,0,0,0,0,34.174024,-118.8837463,2023,14.11036568,384.3386937,14.54051304,11.88816929,332.4163884,807.3192808
THO.06,2/7/23,50,0,0,0,0,34.2124277,-118.8156963,2023,14.11586227,359.6603662,14.84404564,12.32769394,293.0384932,704.4902829
THO.08,2/7/23,50,0,0,0,0,34.2121393,-118.8124398,2023,14.11586227,359.6603662,14.84404564,12.32769394,293.0384932,704.4902829
THO.09,2/7/23,50,0,7,0,1,34.212268,-118.815523,2023,14.11586227,359.6603662,14.84404564,12.32769394,293.0384932,704.4902829
THO.10,2/7/23,50,0,0,0,0,34.2122663,-118.8154938,2023,14.11586227,359.6603662,14.84404564,12.32769394,293.0384932,704.4902829
THO.11A,2/7/23,50,0,4,0,1,34.212267,-118.811225,2023,14.11586227,359.6603662,14.84404564,12.32769394,293.0384932,704.4902829
THO.11B,2/7/23,50,0,0,0,0,34.212267,-118.811225,2023,14.11586227,359.6603662,14.84404564,12.32769394,293.0384932,704.4902829
THO.12,2/7/23,50,0,0,0,0,34.2120628,-118.8104482,2023,14.14498978,388.0205266,15.06954765,11.95464897,310.6495922,726.3699795
THO.13,2/7/23,8,0,1,0,1,34.2099575,-118.826509,2023,14.11586227,359.6603662,14.84404564,12.32769394,293.0384932,704.4902829
THO.14,2/7/23,32,0,0,0,0,34.212442,-118.81433,2023,14.11586227,359.6603662,14.84404564,12.32769394,293.0384932,704.4902829
THO.15,2/7/23,32,0,0,0,0,34.212217,-118.812487,2023,14.11586227,359.6603662,14.84404564,12.32769394,293.0384932,704.4902829
THO.16,2/7/23,50,0,4,0,1,34.21223,-118.812462,2023,14.11586227,359.6603662,14.84404564,12.32769394,293.0384932,704.4902829
TOP.01,2/7/23,50,0,0,0,0,34.0949223,-118.6009667,2023,15.33473202,478.8912865,14.09299564,11.41789341,412.0248892,907.5069787
TOP.02,2/7/23,38,0,0,0,0,34.0948338,-118.6013925,2023,15.33473202,478.8912865,14.09299564,11.41789341,412.0248892,907.5069787
TOP.03,2/7/23,13,0,0,0,0,34.0944898,-118.5912165,2023,15.33473202,478.8912865,14.09299564,11.41789341,412.0248892,907.5069787
TOP.04,2/7/23,50,0,0,0,0,34.0922797,-118.5924168,2023,15.33473202,478.8912865,14.09299564,11.41789341,412.0248892,907.5069787
TOP.05,2/7/23,50,3,13,1,1,34.0925445,-118.5923511,2023,15.33473202,478.8912865,14.09299564,11.41789341,412.0248892,907.5069787
TOP.07,2/7/23,50,0,0,0,0,34.0943046,-118.5885541,2023,15.33473202,478.8912865,14.09299564,11.41789341,412.0248892,907.5069787
TOP.08,2/7/23,17,0,0,0,0,34.0944204,-118.6030538,2023,15.33473202,478.8912865,14.09299564,11.41789341,412.0248892,907.5069787
TOP.09,2/7/23,50,3,18,1,1,34.092044,-118.5897,2023,15.33473202,478.8912865,14.09299564,11.41789341,412.0248892,907.5069787
SB.01,2/8/23,49,0,0,0,0,34.43405,-119.55627,2023,14.0152167,481.3565694,14.50241852,12.48636436,347.5091909,1045.110275
SB.02,2/8/23,7,2,2,1,1,34.443114,-119.710856,2023,13.8041852,542.3970486,15.22310257,12.54695702,327.6460889,1117.932966
SB.10,2/8/23,50,0,0,0,0,34.5433575,-119.8212384,2023,12.35605367,599.7257236,14.38891125,11.84993935,357.7449924,1176.020563
SB.11,2/8/23,50,0,2,0,1,34.432183,-119.553375,2023,14.0152167,481.3565694,14.50241852,12.48636436,347.5091909,1045.110275
SB.12,2/8/23,6,2,3,1,1,34.443312,-119.710595,2023,13.8041852,542.3970486,15.22310257,12.54695702,327.6460889,1117.932966
SB.13,2/8/23,19,0,0,0,0,34.442833,-119.71093,2023,13.8041852,542.3970486,15.22310257,12.54695702,327.6460889,1117.932966
SB.14,2/8/23,50,0,0,0,0,34.5433013,-119.8218284,2023,12.35605367,599.7257236,14.38891125,11.84993935,357.7449924,1176.020563
SB.15,2/8/23,18,0,0,0,0,34.543678,-119.821113,2023,12.35605367,599.7257236,14.38891125,11.84993935,357.7449924,1176.020563
SB.16,2/8/23,50,0,0,0,0,34.542983,-119.821067,2023,12.35605367,599.7257236,14.38891125,11.84993935,357.7449924,1176.020563
SB.17,2/8/23,50,0,9,0,1,34.543042,-119.82222,2023,12.35605367,599.7257236,14.38891125,11.84993935,357.7449924,1176.020563
SB.18,2/8/23,7,0,0,0,0,34.542988,-119.822205,2023,12.35605367,599.7257236,14.38891125,11.84993935,357.7449924,1176.020563
SB.19,2/8/23,50,0,0,0,0,34.543453,-119.82187,2023,12.35605367,599.7257236,14.38891125,11.84993935,357.7449924,1176.020563
SB.20,2/8/23,50,0,0,0,0,34.543572,-119.821962,2023,12.35605367,599.7257236,14.38891125,11.84993935,357.7449924,1176.020563
SB.21,2/8/23,26,0,0,0,0,34.543533,-119.82273,2023,12.35605367,599.7257236,14.38891125,11.84993935,357.7449924,1176.020563
PAR.01,2/9/23,50,0,0,0,0,35.65099408,-120.7353783,2023,10.33398031,380.0230797,10.94390488,9.224059105,260.3249952,882.3318805
PAR.06,2/9/23,50,0,0,0,0,35.455457,-120.688336,2023,10.50599976,553.402273,10.84288883,9.648487091,312.3391924,1208.140463
PAR.07,2/9/23,50,12,9,1,1,35.455688,-120.688462,2023,10.50599976,553.402273,10.84288883,9.648487091,312.3391924,1208.140463
PAR.08,2/9/23,50,0,1,0,1,35.455713,-120.688352,2023,10.50599976,553.402273,10.84288883,9.648487091,312.3391924,1208.140463
PAR.09,2/9/23,50,0,3,0,1,35.539517,-120.805958,2023,10.88716125,547.6790997,11.22451782,9.456018448,325.2558872,1198.722674
PAR.10,2/9/23,50,0,0,0,0,35.622104,-120.666191,2023,10.74002883,337.6968133,11.19851875,9.725422859,226.7494948,689.5704776
PAR.11,2/9/23,27,0,2,0,1,35.4291155,-120.7514666,2023,11.89418055,655.9496666,12.0928812,9.840432167,392.6580943,1443.626863
PAR.12,2/9/23,50,0,0,0,0,35.455862,-120.688447,2023,10.50599976,553.402273,10.84288883,9.648487091,312.3391924,1208.140463
PAR.13,2/9/23,50,6,0,1,0,35.455325,-120.68833,2023,10.50599976,553.402273,10.84288883,9.648487091,312.3391924,1208.140463
PAR.14,2/9/23,50,0,2,0,1,35.455545,-120.688438,2023,10.50599976,553.402273,10.84288883,9.648487091,312.3391924,1208.140463
PAR.15,2/9/23,50,0,3,0,1,35.650362,-120.735038,2023,10.33398031,380.0230797,10.94390488,9.224059105,260.3249952,882.3318805
SAM.01,2/9/23,1,0,0,0,0,34.9121193,-120.2256558,2023,12.25391871,421.4936437,13.81948662,10.97689915,241.5002958,870.2911784
SAM.04,2/9/23,50,0,0,0,0,34.9364478,-120.2250211,2023,12.01917273,426.2479907,13.62760544,10.78152657,239.1532965,897.8235739
SAM.05,2/9/23,50,8,15,1,1,34.940076,-120.227258,2023,12.01917273,426.2479907,13.62760544,10.78152657,239.1532965,897.8235739
SAM.06,2/9/23,50,1,3,1,1,34.5308134,-120.1763149,2023,13.10171232,575.9513331,14.24037838,11.69160938,391.4792934,1236.511065
SAM.07,2/9/23,50,0,19,0,1,34.530313,-120.176086,2023,13.10171232,575.9513331,14.24037838,11.69160938,391.4792934,1236.511065
SAM.08,2/9/23,50,0,0,0,0,34.533217,-120.176926,2023,13.10171232,575.9513331,14.24037838,11.69160938,391.4792934,1236.511065
SAM.09,2/9/23,46,0,0,0,0,34.5311,-120.176353,2023,13.10171232,575.9513331,14.24037838,11.69160938,391.4792934,1236.511065
SAM.10,2/9/23,32,15,5,1,1,34.531355,-120.17633,2023,13.10171232,575.9513331,14.24037838,11.69160938,391.4792934,1236.511065
SAM.11,2/9/23,45,9,27,1,1,34.913005,-120.225242,2023,12.25391871,421.4936437,13.81948662,10.97689915,241.5002958,870.2911784
SLO.02,2/9/23,50,0,10,0,1,35.2885138,-120.6772486,2023,12.8128713,487.1943299,13.29267788,11.219347,301.0294935,1067.437082
SLO.03,2/9/23,18,4,16,1,1,35.290325,-120.628593,2023,12.46767947,552.2356699,12.72019482,10.67814445,343.6039852,1247.950372
SLO.04,2/9/23,50,15,10,1,1,35.196974,-120.46156,2023,12.49770625,462.4693006,13.30401611,11.2996254,262.0695933,1063.375663
SLO.07,2/9/23,50,0,0,0,0,35.1914968,-120.4568056,2023,12.49770625,462.4693006,13.30401611,11.2996254,262.0695933,1063.375663
SLO.08,2/9/23,50,0,0,0,0,35.2173181,-120.4556371,2023,12.49770625,462.4693006,13.30401611,11.2996254,262.0695933,1063.375663
SLO.10,2/9/23,2,1,1,1,1,35.2275217,-120.4588347,2023,12.49770625,462.4693006,13.30401611,11.2996254,262.0695933,1063.375663
SLO.11,2/9/23,50,0,0,0,0,35.197353,-120.458795,2023,12.49770625,462.4693006,13.30401611,11.2996254,262.0695933,1063.375663
SLO.12,2/9/23,50,3,1,1,1,35.196742,-120.461088,2023,12.49770625,462.4693006,13.30401611,11.2996254,262.0695933,1063.375663
SLO.13,2/9/23,3,1,0,1,0,35.197078,-120.458237,2023,12.49770625,462.4693006,13.30401611,11.2996254,262.0695933,1063.375663
SLO.14,2/9/23,50,0,0,0,0,35.196655,-120.457053,2023,12.49770625,462.4693006,13.30401611,11.2996254,262.0695933,1063.375663
SLO.15,2/9/23,50,0,0,0,0,35.196462,-120.457603,2023,12.49770625,462.4693006,13.30401611,11.2996254,262.0695933,1063.375663
SLO.16,2/9/23,8,1,1,1,1,35.196413,-120.45665,2023,12.49770625,462.4693006,13.30401611,11.2996254,262.0695933,1063.375663
BIG.05,2/10/23,50,0,0,0,0,35.9906869,-121.3637657,2023,10.5394453,757.0198329,11.55118275,9.12544632,414.1177918,1265.90857
BIG.06,2/10/23,50,0,0,0,0,35.9800896,-121.2544798,2023,10.76170562,449.815984,11.38781261,9.319756508,313.9779945,886.1659834
BIG.07,2/10/23,50,3,8,1,1,35.9801555,-121.255822,2023,10.76170562,449.815984,11.38781261,9.319756508,313.9779945,886.1659834
BIG.08,2/10/23,50,0,0,0,0,36.2354297,-121.4822919,2023,10.79655511,674.1985635,11.79812908,9.321364403,340.833592,1102.805963
BIG.09,2/10/23,50,0,0,0,0,36.2350741,-121.4828551,2023,10.79655511,674.1985635,11.79812908,9.321364403,340.833592,1102.805963
BIG.10,2/10/23,22,0,0,0,0,36.2334718,-121.4854166,2023,10.79655511,674.1985635,11.79812908,9.321364403,340.833592,1102.805963
BIG.11,2/10/23,50,1,8,1,1,36.2337152,-121.484744,2023,10.79655511,674.1985635,11.79812908,9.321364403,340.833592,1102.805963
BIG.12,2/10/23,50,12,2,1,1,36.2339672,-121.4856899,2023,10.79655511,674.1985635,11.79812908,9.321364403,340.833592,1102.805963
BIG.A,2/10/23,50,5,21,1,1,35.9907314,-121.3633037,2023,10.5394453,757.0198329,11.55118275,9.12544632,414.1177918,1265.90857
BIG.B,2/10/23,50,0,0,0,0,35.980342,-121.25598,2023,10.76170562,449.815984,11.38781261,9.319756508,313.9779945,886.1659834
BIG.C,2/10/23,50,0,0,0,0,36.002017,-121.23172,2023,10.76170562,449.815984,11.38781261,9.319756508,313.9779945,886.1659834
BIG.D,2/10/23,50,1,0,1,0,36.003411,-121.23008,2023,10.76170562,449.815984,11.38781261,9.319756508,313.9779945,886.1659834
BIG.E,2/10/23,50,0,0,0,0,35.97708,-121.244155,2023,10.42147338,475.9776527,10.98650265,9.021647453,307.1448925,879.6469852
BIG.F,2/10/23,50,0,0,0,0,35.97707,-121.244233,2023,10.42147338,475.9776527,10.98650265,9.021647453,307.1448925,879.6469852
BIG.G,2/10/23,11,1,0,1,0,35.977405,-121.244142,2023,10.42147338,475.9776527,10.98650265,9.021647453,307.1448925,879.6469852
BIG.H,2/10/23,15,1,0,1,0,35.977383,-121.244445,2023,10.42147338,475.9776527,10.98650265,9.021647453,307.1448925,879.6469852
BIG.I,2/10/23,50,16,0,1,0,35.9774277,-121.2444665,2023,10.42147338,475.9776527,10.98650265,9.021647453,307.1448925,879.6469852
HAS.01,2/26/23,50,0,2,0,1,36.384949,-121.551581,2023,10.74206114,549.564746,11.4222765,9.183501244,294.4377896,910.6162784
HAS.02,2/26/23,50,10,0,1,0,36.3755427,-121.5563409,2023,10.74206114,549.564746,11.4222765,9.183501244,294.4377896,910.6162784
HAS.03,2/26/23,50,0,0,0,0,36.37657,-121.54672,2023,10.74206114,549.564746,11.4222765,9.183501244,294.4377896,910.6162784
HAS.04,2/26/23,50,0,0,0,0,36.375611,-121.5430298,2023,10.74206114,549.564746,11.4222765,9.183501244,294.4377896,910.6162784
HAS.05,2/26/23,50,2,0,1,0,36.3782785,-121.5468318,2023,10.74206114,549.564746,11.4222765,9.183501244,294.4377896,910.6162784
HAS.06,2/26/23,50,0,0,0,0,36.3688409,-121.5602154,2023,10.82165556,535.3033662,11.37336063,9.126126289,278.5391916,877.9352776
SLP.01,2/26/23,50,0,0,0,0,36.4533997,-121.8136868,2023,10.7188934,761.3882894,11.92201042,9.418338776,549.8574887,1577.755764
SLP.02,2/26/23,50,0,2,0,1,36.448369,-121.818136,2023,10.7188934,761.3882894,11.92201042,9.418338776,549.8574887,1577.755764
SLP.03,2/26/23,50,2,4,1,1,36.4493984,-121.8171066,2023,10.7188934,761.3882894,11.92201042,9.418338776,549.8574887,1577.755764
SLP.04,2/26/23,45,1,6,1,1,36.4668324,-121.826776,2023,10.7188934,761.3882894,11.92201042,9.418338776,549.8574887,1577.755764
SLP.05,2/26/23,50,0,3,0,1,36.470825,-121.8389482,2023,10.7188934,761.3882894,11.92201042,9.418338776,549.8574887,1577.755764
SLP.06,2/26/23,50,3,12,1,1,36.4661708,-121.8203022,2023,10.7188934,761.3882894,11.92201042,9.418338776,549.8574887,1577.755764
SLP.07,2/26/23,12,0,0,0,0,36.438053,-121.789334,2023,11.20575876,641.6918865,12.03328991,9.721671104,417.1880929,1235.867578
SLP.08,2/26/23,26,9,0,1,0,36.467147,-121.836167,2023,10.7188934,761.3882894,11.92201042,9.418338776,549.8574887,1577.755764
SLP.09,2/26/23,50,7,0,1,0,36.491997,-121.812057,2023,11.61901379,507.4990641,12.23304462,9.974379539,319.617596,955.2079699
COV.02,3/27/23,50,0,0,0,0,39.824586,-123.085906,2023,8.027210697,897.0931918,8.356779099,6.367724419,435.9960832,1124.391969
COV.03,3/27/23,50,9,1,1,1,39.8246777,-123.0858368,2023,8.027210697,897.0931918,8.356779099,6.367724419,435.9960832,1124.391969
COV.04,3/27/23,50,2,1,1,1,39.824353,-123.085503,2023,8.027210697,897.0931918,8.356779099,6.367724419,435.9960832,1124.391969
COV.05,3/27/23,40,2,6,1,1,39.824791,-123.086099,2023,8.027210697,897.0931918,8.356779099,6.367724419,435.9960832,1124.391969
COV.06b,3/27/23,37,2,0,1,0,39.824694,-123.086231,2023,8.027210697,897.0931918,8.356779099,6.367724419,435.9960832,1124.391969
COV.07,3/27/23,50,0,0,0,0,39.824037,-123.084922,2023,8.027210697,897.0931918,8.356779099,6.367724419,435.9960832,1124.391969
COV.08,3/27/23,30,0,0,0,0,39.824122,-123.085083,2023,8.027210697,897.0931918,8.356779099,6.367724419,435.9960832,1124.391969
COV.09,3/27/23,50,1,8,1,1,39.824515,-123.085292,2023,8.027210697,897.0931918,8.356779099,6.367724419,435.9960832,1124.391969
COV.10,3/27/23,14,1,0,1,0,39.82450055,-123.0848444,2023,8.027210697,897.0931918,8.356779099,6.367724419,435.9960832,1124.391969
HOP.20,3/27/23,50,1,14,1,1,39.00198,-123.08041,2023,9.833901151,918.6027495,10.11983109,8.239805222,427.3492884,1206.508673
HOP.21,3/27/23,50,1,8,1,1,39.00162,-123.08104,2023,9.833901151,918.6027495,10.11983109,8.239805222,427.3492884,1206.508673
HOP.22,3/27/23,50,0,0,0,0,39.0015149,-123.0819335,2023,9.833901151,918.6027495,10.11983109,8.239805222,427.3492884,1206.508673
HOP.23,3/27/23,50,0,0,0,0,39.0014696,-123.0819006,2023,9.833901151,918.6027495,10.11983109,8.239805222,427.3492884,1206.508673
HOP.24,3/27/23,50,0,0,0,0,39.0014876,-123.0818916,2023,9.833901151,918.6027495,10.11983109,8.239805222,427.3492884,1206.508673
HOP.25,3/27/23,38,0,0,0,0,39.0015394,-123.0818249,2023,9.833901151,918.6027495,10.11983109,8.239805222,427.3492884,1206.508673
HOP.26,3/27/23,50,2,12,1,1,39.0015775,-123.0819469,2023,9.833901151,918.6027495,10.11983109,8.239805222,427.3492884,1206.508673
HOP.27,3/27/23,8,3,NA,1,NA,39.0016121,-123.082201,2023,9.833901151,918.6027495,10.11983109,8.239805222,427.3492884,1206.508673
HOP.28,3/27/23,50,5,0,1,0,39.0019021,-123.0825303,2023,9.833901151,918.6027495,10.11983109,8.239805222,427.3492884,1206.508673
HOP.29,3/27/23,44,3,9,1,1,39.0019068,-123.0824941,2023,9.833901151,918.6027495,10.11983109,8.239805222,427.3492884,1206.508673
HOP.30,3/27/23,50,5,12,1,1,39.0020303,-123.0817917,2023,9.833901151,918.6027495,10.11983109,8.239805222,427.3492884,1206.508673
HOP.31,3/27/23,50,0,0,0,0,39.0020769,-123.0818648,2023,9.833901151,918.6027495,10.11983109,8.239805222,427.3492884,1206.508673
HOP.32,3/27/23,12,0,0,0,0,38.9994552,-123.074885,2023,9.833901151,918.6027495,10.11983109,8.239805222,427.3492884,1206.508673
HOP.32A,3/27/23,50,0,0,0,0,38.9994552,-123.074885,2023,9.833901151,918.6027495,10.11983109,8.239805222,427.3492884,1206.508673
HOP.33,3/27/23,42,0,2,0,1,38.9998893,-123.0748209,2023,9.833901151,918.6027495,10.11983109,8.239805222,427.3492884,1206.508673
HOP.34,3/27/23,17,0,0,0,0,39.000016,-123.0747663,2023,9.833901151,918.6027495,10.11983109,8.239805222,427.3492884,1206.508673
HOP.36,3/27/23,39,0,0,0,0,38.999228,-123.0786002,2023,9.833901151,918.6027495,10.11983109,8.239805222,427.3492884,1206.508673
HOP.37,3/27/23,50,3,4,1,1,39.0099819,-123.0722175,2023,9.833901151,918.6027495,10.11983109,8.239805222,427.3492884,1206.508673
HOP.38,3/27/23,3,0,0,0,0,39.015114,-123.0674841,2023,9.833901151,918.6027495,10.11983109,8.239805222,427.3492884,1206.508673
WIL.04,3/27/23,50,0,0,0,0,39.2039057,-123.185399,2023,9.725219981,848.1069926,10.27249622,8.449587822,402.7848903,1065.587075
WIL.05,3/27/23,50,25,6,1,1,39.2061,-123.1857038,2023,9.725219981,848.1069926,10.27249622,8.449587822,402.7848903,1065.587075
WIL.06,3/27/23,50,4,13,1,1,39.2045641,-123.1860122,2023,9.851629384,824.94439,10.45415688,8.660923004,387.2988872,1054.584575
WIL.07,3/27/23,50,18,28,1,1,39.205735,-123.185577,2023,9.725219981,848.1069926,10.27249622,8.449587822,402.7848903,1065.587075
WIL.08,3/27/23,50,0,0,0,0,39.204179,-123.185135,2023,9.725219981,848.1069926,10.27249622,8.449587822,402.7848903,1065.587075
WIL.08A,3/27/23,50,1,5,1,1,39.204179,-123.185135,2023,9.725219981,848.1069926,10.27249622,8.449587822,402.7848903,1065.587075
WIL.09,3/27/23,24,0,0,0,0,39.205584,-123.184654,2023,9.725219981,848.1069926,10.27249622,8.449587822,402.7848903,1065.587075
WIL.A,3/27/23,50,0,2,0,1,39.182713,-123.206755,2023,9.990409215,854.9765034,10.67255402,8.877491951,408.443788,1121.64417
WIL.B,3/27/23,19,0,0,0,0,39.182403,-123.207008,2023,9.990409215,854.9765034,10.67255402,8.877491951,408.443788,1121.64417
WIL.C,3/27/23,10,3,0,1,0,39.205508,-123.186928,2023,9.851629384,824.94439,10.45415688,8.660923004,387.2988872,1054.584575
WIL.D,3/27/23,50,1,0,1,0,39.205805,-123.185455,2023,9.725219981,848.1069926,10.27249622,8.449587822,402.7848903,1065.587075
ARP.01,3/28/23,50,1,4,1,1,40.4667421,-122.2728448,2023,10.7350165,707.153077,11.56553173,9.308297157,286.9811936,947.8941692
ARP.02,3/28/23,9,0,0,0,0,40.466922,-122.274025,2023,10.7350165,707.153077,11.56553173,9.308297157,286.9811936,947.8941692
SHA.05,3/28/23,1,0,NA,0,NA,40.615447,-122.52252,2023,9.887211641,1395.11656,11.07012081,8.570439339,621.8663905,1661.222754
SHA.06,3/28/23,50,0,0,0,0,40.5538,-122.47435,2023,11.06807912,1011.679324,12.223876,9.577957153,474.4608874,1339.339181
SHA.07,3/28/23,2,1,0,1,0,40.552238,-122.477797,2023,10.3229119,1147.006339,11.74831676,9.077881813,518.9617878,1427.535161
SHA.08,3/28/23,50,0,0,0,0,40.55275,-122.475458,2023,11.06807912,1011.679324,12.223876,9.577957153,474.4608874,1339.339181
SHA.09,3/28/23,50,0,0,0,0,40.552613,-122.477013,2023,10.3229119,1147.006339,11.74831676,9.077881813,518.9617878,1427.535161
SHA.31,3/28/23,32,0,0,0,0,40.615355,-122.520875,2023,10.45446939,1293.071059,11.83004761,9.132116318,601.2660848,1563.874253
SHA.41,3/28/23,4,2,2,1,1,40.614425,-122.520997,2023,10.45446939,1293.071059,11.83004761,9.132116318,601.2660848,1563.874253
SHA.A,3/28/23,50,0,0,0,0,40.553367,-122.475197,2023,11.06807912,1011.679324,12.223876,9.577957153,474.4608874,1339.339181
SHI.A,3/29/23,14,0,0,0,0,40.49837946,-121.9790161,2023,9.445426432,777.0449925,10.6158905,7.6561203,436.9021892,1055.153271
SHI.B,3/29/23,50,0,0,0,0,40.4982,-121.978705,2023,9.445426432,777.0449925,10.6158905,7.6561203,436.9021892,1055.153271
SHI.C,3/29/23,50,2,3,1,1,40.498255,-121.978517,2023,9.445426432,777.0449925,10.6158905,7.6561203,436.9021892,1055.153271
SHI.E,3/29/23,50,1,2,1,1,40.497556,-121.977625,2023,9.445426432,777.0449925,10.6158905,7.6561203,436.9021892,1055.153271
SHI.F,3/29/23,32,1,3,1,1,40.497184,-121.977652,2023,9.445426432,777.0449925,10.6158905,7.6561203,436.9021892,1055.153271
COR.01,4/4/23,50,0,2,0,1,44.539524,-123.251604,2023,6.912005186,808.576313,6.637230873,5.430954933,779.9064792,721.9413814
COR.03,4/4/23,50,1,3,1,1,44.5521238,-123.2697625,2023,6.857311376,825.6199216,6.612164974,5.393463135,814.9737792,738.2382801
COR.04,4/4/23,50,0,4,0,1,44.55533467,-123.2737093,2023,6.857311376,825.6199216,6.612164974,5.393463135,814.9737792,738.2382801
COR.05,4/4/23,34,0,2,0,1,44.56666474,-123.2729515,2023,6.730275885,923.8000596,6.525236607,5.28169775,917.2502791,840.8436747
COR.07,4/4/23,50,1,0,1,0,44.56747482,-123.2662718,2023,6.898821147,850.6078797,6.625653267,5.447525024,866.7507764,789.5135768
COR.08,4/4/23,23,2,2,1,1,44.6064994,-123.2799667,2023,6.429960918,1127.09078,6.299160957,4.976765633,1061.942178,1036.027777
COR.09,4/4/23,50,0,0,0,0,44.60662917,-123.2795457,2023,6.429960918,1127.09078,6.299160957,4.976765633,1061.942178,1036.027777
COR.10,4/4/23,50,0,3,0,1,44.5583465,-123.2643301,2023,6.912005186,808.576313,6.637230873,5.430954933,779.9064792,721.9413814
COR.11,4/4/23,50,0,4,0,1,44.579453,-123.300987,2023,6.730275885,923.8000596,6.525236607,5.28169775,917.2502791,840.8436747
COR.12,4/4/23,50,0,2,0,1,44.591962,-123.3087,2023,6.730275885,923.8000596,6.525236607,5.28169775,917.2502791,840.8436747
COR.13,4/4/23,20,2,5,1,1,44.552175,-123.270272,2023,6.857311376,825.6199216,6.612164974,5.393463135,814.9737792,738.2382801
EUG.01,4/4/23,50,12,3,1,1,44.022217,-123.158076,2023,6.8907365,835.6158406,7.13753891,5.792319775,724.1402862,643.7147822
EUG.02,4/4/23,36,3,4,1,1,44.021476,-123.1586048,2023,6.8907365,835.6158406,7.13753891,5.792319775,724.1402862,643.7147822
EUG.03,4/4/23,33,0,2,0,1,44.023204,-123.098694,2023,6.936202463,833.9860256,7.056447029,5.714627743,718.1306809,649.4198839
EUG.04,4/4/23,44,0,0,0,0,44.022239,-123.0998268,2023,6.936202463,833.9860256,7.056447029,5.714627743,718.1306809,649.4198839
EUG.05,4/4/23,45,1,5,1,1,44.0292916,-123.0873093,2023,6.936202463,833.9860256,7.056447029,5.714627743,718.1306809,649.4198839
EUG.09,4/4/23,28,1,4,1,1,44.01545928,-123.0866676,2023,6.886594391,865.7356259,7.08934021,5.680131912,743.2471796,710.456483
EUG.10,4/4/23,50,0,9,0,1,44.0150838,-123.0867869,2023,6.886594391,865.7356259,7.08934021,5.680131912,743.2471796,710.456483
EUG.11,4/4/23,18,0,1,0,1,44.0150197,-123.0867189,2023,6.886594391,865.7356259,7.08934021,5.680131912,743.2471796,710.456483
EUG.11A,4/4/23,50,0,0,0,0,44.0150197,-123.0867189,2023,6.886594391,865.7356259,7.08934021,5.680131912,743.2471796,710.456483
EUG.16,4/4/23,50,0,0,0,0,43.987651,-123.079122,2023,6.886594391,865.7356259,7.08934021,5.680131912,743.2471796,710.456483
EUG.17,4/4/23,50,2,11,1,1,44.015483,-123.086517,2023,6.886594391,865.7356259,7.08934021,5.680131912,743.2471796,710.456483
EUG.18,4/4/23,32,1,18,1,1,44.014736,-123.087608,2023,6.886594391,865.7356259,7.08934021,5.680131912,743.2471796,710.456483
EUG.19,4/4/23,50,0,5,0,1,44.013856,-123.085739,2023,6.886594391,865.7356259,7.08934021,5.680131912,743.2471796,710.456483
EUG.20,4/4/23,18,1,6,1,1,44.020772,-123.099922,2023,6.936202463,833.9860256,7.056447029,5.714627743,718.1306809,649.4198839
EUG.21,4/4/23,50,0,0,0,0,44.022153,-123.099831,2023,6.936202463,833.9860256,7.056447029,5.714627743,718.1306809,649.4198839
ROS.01,4/5/23,41,0,1,0,1,43.2803299,-123.3575174,2023,7.64624006,725.0223033,7.663611412,6.126348495,506.894092,631.1921861
ROS.02,4/5/23,18,0,0,0,0,43.280082,-123.359022,2023,7.64624006,725.0223033,7.663611412,6.126348495,506.894092,631.1921861
ROS.03,4/5/23,1,0,NA,0,NA,43.219223,-123.363078,2023,7.908418226,697.1417766,7.680670738,6.273558617,508.465584,602.8734837
ROS.04,4/5/23,50,0,0,0,0,43.205377,-123.356323,2023,7.807568804,708.5367785,7.651176929,6.227864742,510.217689,616.3433795
ROS.05,4/5/23,50,0,0,0,0,43.29747,-122.906037,2023,6.618203354,1135.716423,6.649578571,5.002375603,952.1635726,1083.233172
ROS.07,4/5/23,50,0,0,0,0,43.2955781,-122.8923114,2023,6.303510443,1310.81169,6.258655071,4.519527912,1096.025673,1178.622972
ROS.08,4/5/23,15,0,0,0,0,43.239325,-122.934053,2023,6.43133111,1136.881408,6.477975368,4.763215065,924.0928754,1050.584376
ROS.09,4/5/23,50,2,1,1,1,43.2464534,-122.8896147,2023,6.196807718,1280.547463,6.278846741,4.492116451,1057.39557,1154.424866
ROS.10,4/5/23,20,0,0,0,0,43.2465017,-122.8898514,2023,6.196807718,1280.547463,6.278846741,4.492116451,1057.39557,1154.424866
ROS.11A,4/5/23,50,0,0,0,0,43.28043,-123.357583,2023,7.64624006,725.0223033,7.663611412,6.126348495,506.894092,631.1921861
ROS.11B,4/5/23,50,16,30,1,1,43.28043,-123.357583,2023,7.64624006,725.0223033,7.663611412,6.126348495,506.894092,631.1921861
ROS.12,4/5/23,46,2,4,1,1,43.297455,-122.906045,2023,6.618203354,1135.716423,6.649578571,5.002375603,952.1635726,1083.233172
SAL.01A,4/6/23,29,0,0,0,0,44.7827458,-122.6063567,2023,6.366083511,1222.819499,6.145226002,4.942397118,1266.399571,1107.053978
SAL.01B,4/6/23,49,0,3,0,1,44.7827458,-122.6063567,2023,6.366083511,1222.819499,6.145226002,4.942397118,1266.399571,1107.053978
SAL.01C,4/6/23,37,0,5,0,1,44.7827458,-122.6063567,2023,6.366083511,1222.819499,6.145226002,4.942397118,1266.399571,1107.053978
SAL.02,4/6/23,50,1,13,1,1,44.7692587,-122.5651107,2023,5.959132385,1256.184455,5.779952049,4.47452116,1241.828569,1094.947176
SAL.03,4/6/23,32,0,2,0,1,44.7692587,-122.5651107,2023,5.959132385,1256.184455,5.779952049,4.47452116,1241.828569,1094.947176
POR.01,4/7/23,9,0,0,0,0,45.588179,-122.3912228,2023,7.036716604,908.2466528,6.914954662,5.790046692,1032.453679,919.0431775
POR.02,4/7/23,50,0,9,0,1,45.5877888,-122.3754765,2023,7.036716604,908.2466528,6.914954662,5.790046692,1032.453679,919.0431775
POR.03,4/7/23,2,0,0,0,0,45.6765282,-122.7431346,2023,7.103950151,754.8024335,7.085249901,5.940124989,822.1280783,763.0314761
POR.06,4/7/23,50,1,7,1,1,45.5469534,-122.7639429,2023,6.049916728,909.7943339,6.988091946,5.789235592,987.3637741,927.1411804
POR.07,4/7/23,33,0,0,0,0,45.5394184,-122.6484795,2023,7.292391666,841.0663193,7.229096889,6.108530998,875.8546801,839.08498
POR.09,4/7/23,1,5,0,1,0,45.446151,-122.5076021,2023,7.002476168,948.2530831,6.810303688,5.689152718,996.6772761,871.597574
POR.10,4/7/23,10,0,0,0,0,45.4899402,-122.4968502,2023,7.160526768,889.3941961,7.075452805,5.959724903,952.9133752,854.5639821
POR.11,4/7/23,33,0,2,0,1,45.489889,-122.4972163,2023,7.160526768,889.3941961,7.075452805,5.959724903,952.9133752,854.5639821
POR.12,4/7/23,12,2,0,1,0,45.489469,-122.4947144,2023,7.160526768,889.3941961,7.075452805,5.959724903,952.9133752,854.5639821
POR.13,4/7/23,56,0,0,0,0,45.8162056,-122.7456921,2023,6.68384045,838.2367701,6.625436306,5.431363106,868.4243804,830.8092836
SEA.01,4/7/23,50,0,4,0,1,47.6725475,-122.3095304,2023,7.132696517,699.1392594,6.583568573,6.01331377,782.3310792,673.991181
SEA.02,4/7/23,50,0,6,0,1,47.6281995,-122.2944118,2023,7.179715506,718.8020636,6.598515511,6.03632164,796.1310816,678.7945846
SEA.04,4/7/23,50,0,0,0,0,47.6666017,-122.4124464,2023,7.484605328,734.1789231,6.937191963,6.287828922,777.5411825,659.6129863
SEA.06,4/7/23,50,0,0,0,0,47.758249,-122.3769675,2023,7.153385258,707.6283697,6.485378742,5.870898247,760.9239798,660.0132868
SEA.08,4/7/23,38,0,1,0,1,47.374782,-122.322862,2023,7.283543603,753.4491958,6.963787556,6.250087261,957.116176,630.7600871
SEA.09,4/7/23,50,0,0,0,0,47.069747,-122.896028,2023,5.967139943,986.9828815,5.823748112,5.103084087,1190.717473,872.6981753
SEA.10,4/7/23,50,0,0,0,0,47.0696428,-122.8958918,2023,5.967139943,986.9828815,5.823748112,5.103084087,1190.717473,872.6981753
SEA.11,4/7/23,12,4,7,1,1,47.068839,-122.895645,2023,5.967139943,986.9828815,5.823748112,5.103084087,1190.717473,872.6981753
SEA.12,4/7/23,50,0,0,0,0,47.631447,-122.317222,2023,7.294935926,724.4800472,6.704189777,6.102474689,762.6813803,661.2658858
SEA.13,4/7/23,1,0,0,0,0,47.71384437,-122.3702856,2023,7.269001579,704.7668166,6.612980366,6.003409863,775.0811764,671.057782
SEA.14,4/7/23,2,0,0,0,0,47.71384437,-122.3702856,2023,7.269001579,704.7668166,6.612980366,6.003409863,775.0811764,671.057782
SEA.15,4/7/23,50,0,0,0,0,47.665762,-122.413375,2023,7.484605328,734.1789231,6.937191963,6.287828922,777.5411825,659.6129863
PLA.01,4/13/23,50,0,0,0,0,38.9039747,-121.0543602,2023,10.52265987,759.1118629,10.96956635,8.995119095,491.9470825,1113.84057
PLA.04,4/13/23,46,2,2,1,1,38.9670247,-120.9518445,2023,10.13516369,816.749699,10.73377991,8.582110405,566.6982838,1237.122369
PLA.05,4/13/23,50,6,42,1,1,38.9669973,-120.9517509,2023,10.13516369,816.749699,10.73377991,8.582110405,566.6982838,1237.122369
PLA.07,4/13/23,50,0,0,0,0,39.0494756,-120.933641,2023,9.781646029,930.7063071,10.49492741,8.174095154,632.3124795,1416.784054
PLA.08,4/13/23,50,10,33,1,1,39.0796387,-120.9947735,2023,9.077750556,984.6865964,9.828211784,7.465932369,650.7637886,1462.813351
PLA.09,4/13/23,38,5,8,1,1,39.0813036,-120.9931991,2023,9.077750556,984.6865964,9.828211784,7.465932369,650.7637886,1462.813351
PLA.10,4/13/23,10,1,4,1,1,39.0813668,-120.9929141,2023,9.077750556,984.6865964,9.828211784,7.465932369,650.7637886,1462.813351
PLA.12,4/13/23,50,0,2,0,1,38.966288,-120.951462,2023,10.13516369,816.749699,10.73377991,8.582110405,566.6982838,1237.122369
PLA.13,4/13/23,50,0,0,0,0,39.079689,-120.994775,2023,9.077750556,984.6865964,9.828211784,7.465932369,650.7637886,1462.813351
PLA.14,4/13/23,50,0,0,0,0,39.080342,-120.994462,2023,9.077750556,984.6865964,9.828211784,7.465932369,650.7637886,1462.813351
PLA.15,4/13/23,50,4,8,1,1,39.081353,-120.99318,2023,9.077750556,984.6865964,9.828211784,7.465932369,650.7637886,1462.813351
PLA.16,4/13/23,50,0,3,0,1,39.08105,-120.993958,2023,9.077750556,984.6865964,9.828211784,7.465932369,650.7637886,1462.813351
PLA.20,4/13/23,50,0,0,0,0,38.960797,-121.011894,2023,10.16462428,825.3602724,10.71980286,8.590977669,574.8134811,1251.845578
NEV.01,4/14/23,50,0,0,0,0,39.268299,-121.0299236,2023,8.360546303,1258.728472,9.719579697,7.469968319,707.9487858,1632.294358
NEV.02,4/14/23,26,0,0,0,0,39.396122,-121.083257,2023,9.568448766,1068.220202,10.57543945,8.119364738,672.6371837,1508.699753
NEV.03,4/14/23,50,4,0,1,0,39.3961134,-121.0820057,2023,9.568448766,1068.220202,10.57543945,8.119364738,672.6371837,1508.699753
NEV.05,4/14/23,45,2,2,1,1,39.418259,-121.1201863,2023,9.522214031,1185.044152,10.1441555,7.829939842,735.4258807,1679.26995
NEV.06,4/14/23,12,1,1,1,1,39.4181888,-121.1203197,2023,9.522214031,1185.044152,10.1441555,7.829939842,735.4258807,1679.26995
NEV.07,4/14/23,29,0,0,0,0,39.4157044,-121.1202319,2023,9.522214031,1185.044152,10.1441555,7.829939842,735.4258807,1679.26995
NEV.08,4/14/23,50,0,0,0,0,39.3582745,-121.0672277,2023,9.568448766,1068.220202,10.57543945,8.119364738,672.6371837,1508.699753
NEV.09,4/14/23,50,0,0,0,0,39.519795,-120.996933,2023,6.638276116,1581.015325,7.875751495,5.122927666,972.8419795,2117.23356
NEV.10,4/14/23,38,0,0,0,0,39.518608,-120.99357,2023,6.638276116,1581.015325,7.875751495,5.122927666,972.8419795,2117.23356
NEV.11,4/14/23,12,0,0,0,0,39.518608,-120.99357,2023,6.638276116,1581.015325,7.875751495,5.122927666,972.8419795,2117.23356
NEV.12,4/14/23,1,0,0,0,0,39.518392,-120.99273,2023,6.638276116,1581.015325,7.875751495,5.122927666,972.8419795,2117.23356
NEV.13,4/14/23,31,0,0,0,0,39.51297,-120.982405,2023,7.612410371,1400.597165,8.595199585,6.017420292,867.1746706,1950.294465
NEV.14,4/14/23,5,1,1,1,1,39.41821195,-121.1213475,2023,9.522214031,1185.044152,10.1441555,7.829939842,735.4258807,1679.26995
NEV.15,4/14/23,26,0,0,0,0,39.41827,-121.120575,2023,9.522214031,1185.044152,10.1441555,7.829939842,735.4258807,1679.26995
NEV.16,4/14/23,50,4,7,1,1,39.415695,-121.120522,2023,9.522214031,1185.044152,10.1441555,7.829939842,735.4258807,1679.26995
NEV.17,4/14/23,50,3,21,1,1,39.41568,-121.120619,2023,9.522214031,1185.044152,10.1441555,7.829939842,735.4258807,1679.26995
YOS.03,4/18/23,32,0,0,0,0,37.7407558,-119.6034933,2023,2.663836654,915.552179,3.636375427,-0.4483172,552.1361939,1917.503161
YOS.04,4/18/23,50,2,9,1,1,37.8404536,-120.2256236,2023,7.396496137,847.466096,8.805763245,6.177875519,435.4084866,1643.790672
YOS.05,4/18/23,50,15,25,1,1,37.84116264,-120.2266984,2023,7.396496137,847.466096,8.805763245,6.177875519,435.4084866,1643.790672
YOS.06,4/18/23,50,1,2,1,1,37.8413195,-120.2266211,2023,7.396496137,847.466096,8.805763245,6.177875519,435.4084866,1643.790672
YOS.07,4/18/23,50,0,1,0,1,37.840408,-120.22894,2023,7.396496137,847.466096,8.805763245,6.177875519,435.4084866,1643.790672
YOS.08,4/18/23,2,0,0,0,0,37.840408,-120.22894,2023,7.396496137,847.466096,8.805763245,6.177875519,435.4084866,1643.790672
YOS.09,4/18/23,50,2,6,1,1,37.8503627,-120.226387,2023,7.396496137,847.466096,8.805763245,6.177875519,435.4084866,1643.790672
YOS.10,4/18/23,10,0,0,0,0,37.866793,-120.2146172,2023,8.071064822,774.9799789,9.084935188,6.610268593,405.7643859,1480.096468
YOS.11,4/18/23,50,0,0,0,0,37.866882,-120.214838,2023,8.071064822,774.9799789,9.084935188,6.610268593,405.7643859,1480.096468
YOS.12,4/18/23,50,1,5,1,1,37.85967763,-120.1891734,2023,8.071064822,774.9799789,9.084935188,6.610268593,405.7643859,1480.096468
YOS.13,4/18/23,50,0,0,0,0,37.840867,-120.227263,2023,7.396496137,847.466096,8.805763245,6.177875519,435.4084866,1643.790672
YOS.14,4/18/23,50,4,4,1,1,37.850697,-120.224595,2023,7.396496137,847.466096,8.805763245,6.177875519,435.4084866,1643.790672
YOS.15,4/18/23,46,2,17,1,1,37.866153,-120.214538,2023,8.071064822,774.9799789,9.084935188,6.610268593,405.7643859,1480.096468
YOS.16,4/18/23,50,0,0,0,0,37.863872,-120.21447,2023,8.071064822,774.9799789,9.084935188,6.610268593,405.7643859,1480.096468
YOS.17,4/18/23,38,1,6,1,1,37.866763,-120.214417,2023,8.071064822,774.9799789,9.084935188,6.610268593,405.7643859,1480.096468
YOS.18,4/18/23,50,0,2,0,1,37.865928,-120.215347,2023,8.071064822,774.9799789,9.084935188,6.610268593,405.7643859,1480.096468
FRS.02,4/19/23,4,0,NA,0,NA,37.1516083,-119.5097779,2023,10.17593788,601.4747502,11.06793499,8.851776123,366.0147899,1269.273673
FRS.04,4/19/23,50,0,9,0,1,37.1516428,-119.5094366,2023,10.17593788,601.4747502,11.06793499,8.851776123,366.0147899,1269.273673
WAW.04,4/19/23,50,1,1,1,1,37.5426051,-119.6271611,2023,6.267851369,900.8194202,7.60181427,4.287840843,586.2051871,1851.980076
WAW.07,4/19/23,50,0,0,0,0,37.39175,-119.63293,2023,9.314381043,773.012113,10.50622463,7.54729557,458.6994906,1540.47916
WAW.08,4/19/23,50,0,1,0,1,37.3915155,-119.6329677,2023,9.314381043,773.012113,10.50622463,7.54729557,458.6994906,1540.47916
WAW.09,4/19/23,50,0,6,0,1,37.391091,-119.632983,2023,9.314381043,773.012113,10.50622463,7.54729557,458.6994906,1540.47916
WAW.10,4/19/23,50,0,4,0,1,37.3915,-119.63296,2023,9.314381043,773.012113,10.50622463,7.54729557,458.6994906,1540.47916
WAW.11,4/19/23,50,0,0,0,0,37.391291,-119.633103,2023,9.314381043,773.012113,10.50622463,7.54729557,458.6994906,1540.47916
WAW.12,4/19/23,50,0,2,0,1,37.3920991,-119.6332544,2023,9.314381043,773.012113,10.50622463,7.54729557,458.6994906,1540.47916
WAW.13,4/19/23,50,0,0,0,0,37.3921897,-119.6328001,2023,9.314381043,773.012113,10.50622463,7.54729557,458.6994906,1540.47916
WAW.14,4/19/23,50,0,2,0,1,37.392761,-119.633015,2023,9.314381043,773.012113,10.50622463,7.54729557,458.6994906,1540.47916
WAW.15,4/19/23,50,0,4,0,1,37.3925453,-119.6328531,2023,9.314381043,773.012113,10.50622463,7.54729557,458.6994906,1540.47916
WAW.16,4/19/23,50,1,0,1,0,37.392763,-119.633012,2023,9.314381043,773.012113,10.50622463,7.54729557,458.6994906,1540.47916
WAW.17,4/19/23,50,0,3,0,1,37.39311189,-119.6329055,2023,9.314381043,773.012113,10.50622463,7.54729557,458.6994906,1540.47916
WAW.A,4/19/23,50,8,10,1,1,37.540817,-119.62448,2023,6.267851369,900.8194202,7.60181427,4.287840843,586.2051871,1851.980076